source_index,FID,IID,sample_id,breed,outer_split,fold
0,ABR,ET_ABR0001,ABR:ET_ABR0001,ABR,development,2
1,ABR,ET_ABR0002,ABR:ET_ABR0002,ABR,development,1
2,ABR,ET_ABR0003,ABR:ET_ABR0003,ABR,development,1
3,ABR,ET_ABR0004,ABR:ET_ABR0004,ABR,development,2
4,ABR,ET_ABR0005,ABR:ET_ABR0005,ABR,development,2
5,ABR,ET_ABR0006,ABR:ET_ABR0006,ABR,test,-1
6,ABR,ET_ABR0007,ABR:ET_ABR0007,ABR,development,2
7,ABR,ET_ABR0008,ABR:ET_ABR0008,ABR,test,-1
8,ABR,ET_ABR0009,ABR:ET_ABR0009,ABR,development,0
9,ABR,ET_ABR0010,ABR:ET_ABR0010,ABR,development,0
10,ABR,ET_ABR0011,ABR:ET_ABR0011,ABR,development,0
11,ABR,ET_ABR0012,ABR:ET_ABR0012,ABR,development,0
12,ABR,ET_ABR0013,ABR:ET_ABR0013,ABR,development,0
13,ABR,ET_ABR0014,ABR:ET_ABR0014,ABR,development,1
14,ABR,ET_ABR0015,ABR:ET_ABR0015,ABR,development,2
15,ABR,ET_ABR0016,ABR:ET_ABR0016,ABR,development,1
16,ABR,ET_ABR0017,ABR:ET_ABR0017,ABR,development,1
17,ABR,ET_ABR0018,ABR:ET_ABR0018,ABR,test,-1
18,ABR,ET_ABR0019,ABR:ET_ABR0019,ABR,development,0
19,ABR,ET_ABR0020,ABR:ET_ABR0020,ABR,development,2
20,ABR,ET_ABR0021,ABR:ET_ABR0021,ABR,development,1
21,ABR,ET_ABR0022,ABR:ET_ABR0022,ABR,development,0
22,ABR,ET_ABR0023,ABR:ET_ABR0023,ABR,development,1
23,ABR,ET_ABR0024,ABR:ET_ABR0024,ABR,development,2
24,ABR,ET_ABR0025,ABR:ET_ABR0025,ABR,development,2
25,ABR,ET_ABR0026,ABR:ET_ABR0026,ABR,development,1
26,ABR,ET_ABR0027,ABR:ET_ABR0027,ABR,development,0
27,ABR,ET_ABR0028,ABR:ET_ABR0028,ABR,test,-1
28,ABR,ET_ABR0029,ABR:ET_ABR0029,ABR,development,2
29,ABR,ET_ABR0030,ABR:ET_ABR0030,ABR,development,1
30,ABR,ET_ABR0031,ABR:ET_ABR0031,ABR,development,0
31,ABR,ET_ABR0032,ABR:ET_ABR0032,ABR,development,0
32,ABR,ET_ABR0033,ABR:ET_ABR0033,ABR,development,2
33,ABR,ET_ABR0034,ABR:ET_ABR0034,ABR,development,0
34,ABR,ET_ABR0035,ABR:ET_ABR0035,ABR,development,2
35,ABR,ET_ABR0036,ABR:ET_ABR0036,ABR,development,1
36,ABR,ET_ABR0037,ABR:ET_ABR0037,ABR,development,0
37,ABR,ET_ABR0038,ABR:ET_ABR0038,ABR,test,-1
38,ABR,ET_ABR0039,ABR:ET_ABR0039,ABR,development,2
39,ABR,ET_ABR0040,ABR:ET_ABR0040,ABR,test,-1
40,ABR,ET_ABR0041,ABR:ET_ABR0041,ABR,development,1
41,ABR,ET_ABR0042,ABR:ET_ABR0042,ABR,development,2
42,ABR,ET_ABR0043,ABR:ET_ABR0043,ABR,development,0
43,ABR,ET_ABR0044,ABR:ET_ABR0044,ABR,development,1
44,ABR,ET_ABR0045,ABR:ET_ABR0045,ABR,development,1
45,ABR,ET_ABR0046,ABR:ET_ABR0046,ABR,development,2
46,ABR,ET_ABR0047,ABR:ET_ABR0047,ABR,development,1
47,ABR,ET_ABR0048,ABR:ET_ABR0048,ABR,development,0
48,ABR,ET_ABR0049,ABR:ET_ABR0049,ABR,development,0
49,ABR,ET_ABR0050,ABR:ET_ABR0050,ABR,development,1
50,ABR,ET_ABR0051,ABR:ET_ABR0051,ABR,test,-1
51,ABR,ET_ABR0052,ABR:ET_ABR0052,ABR,development,2
52,ABR,ET_ABR0053,ABR:ET_ABR0053,ABR,test,-1
60,ALP,CH_ALP0214,ALP:CH_ALP0214,ALP,test,-1
61,ALP,CH_ALP0215,ALP:CH_ALP0215,ALP,development,0
62,ALP,CH_ALP0216,ALP:CH_ALP0216,ALP,test,-1
63,ALP,CH_ALP0217,ALP:CH_ALP0217,ALP,development,1
64,ALP,CH_ALP0218,ALP:CH_ALP0218,ALP,development,2
65,ALP,CH_ALP0219,ALP:CH_ALP0219,ALP,development,1
66,ALP,CH_ALP0220,ALP:CH_ALP0220,ALP,development,2
67,ALP,CH_ALP0221,ALP:CH_ALP0221,ALP,development,0
68,ALP,CH_ALP0222,ALP:CH_ALP0222,ALP,development,1
69,ALP,CH_ALP0223,ALP:CH_ALP0223,ALP,development,2
70,ALP,CH_ALP0224,ALP:CH_ALP0224,ALP,development,0
71,ALP,CH_ALP0225,ALP:CH_ALP0225,ALP,development,1
72,ALP,CH_ALP0226,ALP:CH_ALP0226,ALP,development,1
73,ALP,CH_ALP0227,ALP:CH_ALP0227,ALP,development,2
74,ALP,CH_ALP0228,ALP:CH_ALP0228,ALP,development,2
75,ALP,CH_ALP0229,ALP:CH_ALP0229,ALP,test,-1
76,ALP,CH_ALP0230,ALP:CH_ALP0230,ALP,test,-1
77,ALP,CH_ALP0231,ALP:CH_ALP0231,ALP,development,1
78,ALP,CH_ALP0232,ALP:CH_ALP0232,ALP,development,2
79,ALP,CH_ALP0233,ALP:CH_ALP0233,ALP,test,-1
80,ALP,CH_ALP0234,ALP:CH_ALP0234,ALP,development,1
81,ALP,CH_ALP0235,ALP:CH_ALP0235,ALP,development,2
82,ALP,CH_ALP0236,ALP:CH_ALP0236,ALP,development,0
83,ALP,CH_ALP0237,ALP:CH_ALP0237,ALP,development,2
84,ALP,CH_ALP0238,ALP:CH_ALP0238,ALP,test,-1
85,ALP,CH_ALP0239,ALP:CH_ALP0239,ALP,development,0
86,ALP,CH_ALP0240,ALP:CH_ALP0240,ALP,test,-1
87,ALP,CH_ALP0241,ALP:CH_ALP0241,ALP,development,0
88,ALP,CH_ALP0242,ALP:CH_ALP0242,ALP,development,0
89,ALP,CH_ALP0243,ALP:CH_ALP0243,ALP,development,2
90,ALP,CH_ALP0244,ALP:CH_ALP0244,ALP,development,2
91,ALP,CH_ALP0245,ALP:CH_ALP0245,ALP,development,1
92,ALP,CH_ALP0246,ALP:CH_ALP0246,ALP,development,2
93,ALP,CH_ALP0247,ALP:CH_ALP0247,ALP,test,-1
94,ALP,CH_ALP0248,ALP:CH_ALP0248,ALP,development,1
95,ALP,CH_ALP0249,ALP:CH_ALP0249,ALP,development,0
96,ALP,CH_ALP0250,ALP:CH_ALP0250,ALP,test,-1
97,ALP,CH_ALP0251,ALP:CH_ALP0251,ALP,development,0
98,ALP,CH_ALP0252,ALP:CH_ALP0252,ALP,test,-1
99,ALP,CH_ALP0253,ALP:CH_ALP0253,ALP,development,1
100,ALP,CH_ALP0254,ALP:CH_ALP0254,ALP,development,0
101,ALP,CH_ALP0255,ALP:CH_ALP0255,ALP,development,1
102,ALP,CH_ALP0256,ALP:CH_ALP0256,ALP,development,0
103,ALP,CH_ALP0257,ALP:CH_ALP0257,ALP,development,2
104,ALP,CH_ALP0258,ALP:CH_ALP0258,ALP,development,2
105,ALP,CH_ALP0259,ALP:CH_ALP0259,ALP,development,0
106,ALP,CH_ALP0260,ALP:CH_ALP0260,ALP,development,0
107,ALP,CH_ALP0261,ALP:CH_ALP0261,ALP,development,0
108,ALP,CH_ALP0262,ALP:CH_ALP0262,ALP,development,0
109,ALP,CH_ALP0263,ALP:CH_ALP0263,ALP,development,0
110,ALP,CH_ALP0264,ALP:CH_ALP0264,ALP,test,-1
111,ALP,CH_ALP0265,ALP:CH_ALP0265,ALP,development,0
112,ALP,CH_ALP0266,ALP:CH_ALP0266,ALP,development,2
113,ALP,CH_ALP0267,ALP:CH_ALP0267,ALP,development,0
115,ALP,CH_ALP0269,ALP:CH_ALP0269,ALP,development,0
116,ALP,CH_ALP0270,ALP:CH_ALP0270,ALP,development,1
117,ALP,CH_ALP0271,ALP:CH_ALP0271,ALP,test,-1
118,ALP,CH_ALP0272,ALP:CH_ALP0272,ALP,test,-1
119,ALP,CH_ALP0273,ALP:CH_ALP0273,ALP,development,2
120,ALP,CH_ALP0274,ALP:CH_ALP0274,ALP,development,0
121,ALP,CH_ALP0275,ALP:CH_ALP0275,ALP,development,1
122,ALP,CH_ALP0276,ALP:CH_ALP0276,ALP,development,2
123,ALP,CH_ALP0277,ALP:CH_ALP0277,ALP,development,1
124,ALP,CH_ALP0278,ALP:CH_ALP0278,ALP,development,1
125,ALP,CH_ALP0279,ALP:CH_ALP0279,ALP,development,1
126,ALP,CH_ALP0280,ALP:CH_ALP0280,ALP,development,2
127,ALP,FR_ALP0161,ALP:FR_ALP0161,ALP,development,0
128,ALP,FR_ALP0162,ALP:FR_ALP0162,ALP,development,2
129,ALP,FR_ALP0163,ALP:FR_ALP0163,ALP,development,0
130,ALP,FR_ALP0164,ALP:FR_ALP0164,ALP,development,0
131,ALP,FR_ALP0165,ALP:FR_ALP0165,ALP,development,1
132,ALP,FR_ALP0166,ALP:FR_ALP0166,ALP,development,0
133,ALP,FR_ALP0167,ALP:FR_ALP0167,ALP,development,1
134,ALP,FR_ALP0168,ALP:FR_ALP0168,ALP,development,1
135,ALP,FR_ALP0169,ALP:FR_ALP0169,ALP,development,2
136,ALP,FR_ALP0170,ALP:FR_ALP0170,ALP,test,-1
137,ALP,FR_ALP0171,ALP:FR_ALP0171,ALP,development,0
138,ALP,FR_ALP0172,ALP:FR_ALP0172,ALP,development,1
139,ALP,FR_ALP0173,ALP:FR_ALP0173,ALP,development,0
140,ALP,FR_ALP0174,ALP:FR_ALP0174,ALP,development,2
141,ALP,FR_ALP0175,ALP:FR_ALP0175,ALP,test,-1
142,ALP,FR_ALP0176,ALP:FR_ALP0176,ALP,development,0
143,ALP,FR_ALP0177,ALP:FR_ALP0177,ALP,test,-1
144,ALP,FR_ALP0178,ALP:FR_ALP0178,ALP,development,0
145,ALP,FR_ALP0179,ALP:FR_ALP0179,ALP,development,1
146,ALP,FR_ALP0180,ALP:FR_ALP0180,ALP,development,1
147,ALP,FR_ALP0181,ALP:FR_ALP0181,ALP,development,1
148,ALP,FR_ALP0182,ALP:FR_ALP0182,ALP,development,1
149,ALP,FR_ALP0183,ALP:FR_ALP0183,ALP,development,2
150,ALP,FR_ALP0184,ALP:FR_ALP0184,ALP,development,0
151,ALP,FR_ALP0185,ALP:FR_ALP0185,ALP,development,0
152,ALP,FR_ALP0186,ALP:FR_ALP0186,ALP,development,2
153,ALP,FR_ALP0187,ALP:FR_ALP0187,ALP,development,2
154,ALP,FR_ALP0188,ALP:FR_ALP0188,ALP,development,1
155,ALP,FR_ALP0189,ALP:FR_ALP0189,ALP,development,1
156,ALP,FR_ALP0190,ALP:FR_ALP0190,ALP,development,1
157,ALP,FR_ALP0191,ALP:FR_ALP0191,ALP,development,2
158,ALP,FR_ALP0192,ALP:FR_ALP0192,ALP,test,-1
159,ALP,FR_ALP0193,ALP:FR_ALP0193,ALP,development,0
160,ALP,FR_ALP0194,ALP:FR_ALP0194,ALP,development,2
161,ALP,FR_ALP0195,ALP:FR_ALP0195,ALP,development,2
162,ALP,FR_ALP0196,ALP:FR_ALP0196,ALP,development,0
163,ALP,FR_ALP0197,ALP:FR_ALP0197,ALP,test,-1
164,ALP,FR_ALP0198,ALP:FR_ALP0198,ALP,development,2
165,ALP,FR_ALP0199,ALP:FR_ALP0199,ALP,development,1
166,ALP,FR_ALP0200,ALP:FR_ALP0200,ALP,development,0
167,ALP,FR_ALP0201,ALP:FR_ALP0201,ALP,development,1
168,ALP,FR_ALP0202,ALP:FR_ALP0202,ALP,development,2
169,ALP,FR_ALP0203,ALP:FR_ALP0203,ALP,development,2
170,ALP,FR_ALP0204,ALP:FR_ALP0204,ALP,development,0
171,ALP,FR_ALP0205,ALP:FR_ALP0205,ALP,development,0
172,ALP,FR_ALP0206,ALP:FR_ALP0206,ALP,development,0
173,ALP,FR_ALP0207,ALP:FR_ALP0207,ALP,development,2
174,ALP,FR_ALP0208,ALP:FR_ALP0208,ALP,development,1
175,ALP,FR_ALP0209,ALP:FR_ALP0209,ALP,development,0
176,ALP,FR_ALP0210,ALP:FR_ALP0210,ALP,development,1
177,ALP,FR_ALP0211,ALP:FR_ALP0211,ALP,development,2
178,ALP,FR_ALP0212,ALP:FR_ALP0212,ALP,development,1
179,ALP,IT_ALP0001,ALP:IT_ALP0001,ALP,development,2
181,ALP,IT_ALP0003,ALP:IT_ALP0003,ALP,development,1
182,ALP,IT_ALP0004,ALP:IT_ALP0004,ALP,development,2
183,ALP,IT_ALP0005,ALP:IT_ALP0005,ALP,development,0
184,ALP,IT_ALP0006,ALP:IT_ALP0006,ALP,development,1
185,ALP,IT_ALP0007,ALP:IT_ALP0007,ALP,development,0
186,ALP,IT_ALP0008,ALP:IT_ALP0008,ALP,development,1
187,ALP,IT_ALP0009,ALP:IT_ALP0009,ALP,development,0
188,ALP,IT_ALP0010,ALP:IT_ALP0010,ALP,development,1
189,ALP,IT_ALP0011,ALP:IT_ALP0011,ALP,development,1
190,ALP,IT_ALP0012,ALP:IT_ALP0012,ALP,development,2
191,ALP,IT_ALP0013,ALP:IT_ALP0013,ALP,development,1
192,ALP,IT_ALP0014,ALP:IT_ALP0014,ALP,development,1
193,ALP,IT_ALP0015,ALP:IT_ALP0015,ALP,development,1
194,ALP,IT_ALP0016,ALP:IT_ALP0016,ALP,test,-1
195,ALP,IT_ALP0017,ALP:IT_ALP0017,ALP,development,2
196,ALP,IT_ALP0018,ALP:IT_ALP0018,ALP,development,2
197,ALP,IT_ALP0019,ALP:IT_ALP0019,ALP,development,0
198,ALP,IT_ALP0020,ALP:IT_ALP0020,ALP,development,1
199,ALP,IT_ALP0021,ALP:IT_ALP0021,ALP,test,-1
200,ALP,IT_ALP0022,ALP:IT_ALP0022,ALP,development,0
201,ALP,IT_ALP0023,ALP:IT_ALP0023,ALP,development,2
202,ALP,IT_ALP0024,ALP:IT_ALP0024,ALP,development,2
203,ALP,IT_ALP0025,ALP:IT_ALP0025,ALP,development,1
204,ALP,IT_ALP0026,ALP:IT_ALP0026,ALP,development,1
205,ALP,IT_ALP0027,ALP:IT_ALP0027,ALP,development,1
206,ALP,IT_ALP0028,ALP:IT_ALP0028,ALP,development,0
207,ALP,IT_ALP0029,ALP:IT_ALP0029,ALP,development,1
208,ALP,IT_ALP0030,ALP:IT_ALP0030,ALP,development,0
209,ALP,IT_ALP0031,ALP:IT_ALP0031,ALP,development,2
210,ALP,IT_ALP0032,ALP:IT_ALP0032,ALP,development,2
211,ALP,IT_ALP0033,ALP:IT_ALP0033,ALP,development,0
212,ALP,IT_ALP0034,ALP:IT_ALP0034,ALP,development,2
213,ALP,IT_ALP0035,ALP:IT_ALP0035,ALP,development,1
214,ALP,IT_ALP0036,ALP:IT_ALP0036,ALP,development,2
215,ALP,IT_ALP0037,ALP:IT_ALP0037,ALP,development,0
216,ALP,IT_ALP0038,ALP:IT_ALP0038,ALP,development,0
217,ALP,IT_ALP0039,ALP:IT_ALP0039,ALP,development,0
218,ALP,IT_ALP0040,ALP:IT_ALP0040,ALP,development,2
219,ALP,IT_ALP0041,ALP:IT_ALP0041,ALP,development,1
220,ALP,IT_ALP0042,ALP:IT_ALP0042,ALP,test,-1
221,ALP,IT_ALP0043,ALP:IT_ALP0043,ALP,development,0
222,ALP,IT_ALP0044,ALP:IT_ALP0044,ALP,development,1
223,ALP,IT_ALP0045,ALP:IT_ALP0045,ALP,test,-1
224,ALP,IT_ALP0046,ALP:IT_ALP0046,ALP,development,2
225,ALP,IT_ALP0047,ALP:IT_ALP0047,ALP,development,2
226,ALP,IT_ALP0048,ALP:IT_ALP0048,ALP,development,0
227,ALP,IT_ALP0049,ALP:IT_ALP0049,ALP,development,2
228,ALP,IT_ALP0050,ALP:IT_ALP0050,ALP,development,2
229,ALP,IT_ALP0051,ALP:IT_ALP0051,ALP,development,1
230,ALP,IT_ALP0052,ALP:IT_ALP0052,ALP,development,0
231,ALP,IT_ALP0053,ALP:IT_ALP0053,ALP,development,1
232,ALP,IT_ALP0054,ALP:IT_ALP0054,ALP,development,1
233,ALP,IT_ALP0055,ALP:IT_ALP0055,ALP,development,2
234,ALP,IT_ALP0056,ALP:IT_ALP0056,ALP,development,0
235,ALP,IT_ALP0057,ALP:IT_ALP0057,ALP,development,1
236,ALP,IT_ALP0058,ALP:IT_ALP0058,ALP,test,-1
237,ALP,IT_ALP0059,ALP:IT_ALP0059,ALP,development,1
238,ALP,IT_ALP0060,ALP:IT_ALP0060,ALP,development,2
239,ALP,IT_ALP0061,ALP:IT_ALP0061,ALP,development,2
240,ALP,IT_ALP0062,ALP:IT_ALP0062,ALP,development,1
241,ALP,IT_ALP0063,ALP:IT_ALP0063,ALP,test,-1
242,ALP,IT_ALP0064,ALP:IT_ALP0064,ALP,test,-1
243,ALP,IT_ALP0065,ALP:IT_ALP0065,ALP,development,0
244,ALP,IT_ALP0066,ALP:IT_ALP0066,ALP,test,-1
245,ALP,IT_ALP0067,ALP:IT_ALP0067,ALP,test,-1
246,ALP,IT_ALP0068,ALP:IT_ALP0068,ALP,development,0
247,ALP,IT_ALP0069,ALP:IT_ALP0069,ALP,development,1
248,ALP,IT_ALP0070,ALP:IT_ALP0070,ALP,development,2
249,ALP,IT_ALP0071,ALP:IT_ALP0071,ALP,development,2
250,ALP,IT_ALP0072,ALP:IT_ALP0072,ALP,development,2
251,ALP,IT_ALP0073,ALP:IT_ALP0073,ALP,development,0
252,ALP,IT_ALP0074,ALP:IT_ALP0074,ALP,development,0
253,ALP,IT_ALP0075,ALP:IT_ALP0075,ALP,development,1
254,ALP,IT_ALP0076,ALP:IT_ALP0076,ALP,development,0
255,ALP,IT_ALP0077,ALP:IT_ALP0077,ALP,development,2
256,ALP,IT_ALP0078,ALP:IT_ALP0078,ALP,test,-1
257,ALP,IT_ALP0079,ALP:IT_ALP0079,ALP,development,0
258,ALP,IT_ALP0080,ALP:IT_ALP0080,ALP,test,-1
259,ALP,IT_ALP0081,ALP:IT_ALP0081,ALP,development,1
260,ALP,IT_ALP0082,ALP:IT_ALP0082,ALP,development,0
261,ALP,IT_ALP0083,ALP:IT_ALP0083,ALP,development,2
262,ALP,IT_ALP0084,ALP:IT_ALP0084,ALP,development,2
263,ALP,IT_ALP0085,ALP:IT_ALP0085,ALP,development,2
264,ALP,IT_ALP0086,ALP:IT_ALP0086,ALP,development,2
265,ALP,IT_ALP0087,ALP:IT_ALP0087,ALP,development,1
266,ALP,IT_ALP0088,ALP:IT_ALP0088,ALP,development,0
267,ALP,IT_ALP0089,ALP:IT_ALP0089,ALP,development,1
268,ALP,IT_ALP0090,ALP:IT_ALP0090,ALP,development,1
269,ALP,IT_ALP0091,ALP:IT_ALP0091,ALP,development,1
270,ALP,IT_ALP0092,ALP:IT_ALP0092,ALP,development,2
271,ALP,IT_ALP0093,ALP:IT_ALP0093,ALP,test,-1
272,ALP,IT_ALP0094,ALP:IT_ALP0094,ALP,development,0
273,ALP,IT_ALP0095,ALP:IT_ALP0095,ALP,development,2
274,ALP,IT_ALP0096,ALP:IT_ALP0096,ALP,development,0
275,ALP,IT_ALP0097,ALP:IT_ALP0097,ALP,development,0
276,ALP,IT_ALP0098,ALP:IT_ALP0098,ALP,test,-1
277,ALP,IT_ALP0099,ALP:IT_ALP0099,ALP,development,2
278,ALP,IT_ALP0100,ALP:IT_ALP0100,ALP,development,1
279,ALP,IT_ALP0101,ALP:IT_ALP0101,ALP,development,0
280,ALP,IT_ALP0102,ALP:IT_ALP0102,ALP,development,1
281,ALP,IT_ALP0103,ALP:IT_ALP0103,ALP,development,2
282,ALP,IT_ALP0104,ALP:IT_ALP0104,ALP,development,1
283,ALP,IT_ALP0105,ALP:IT_ALP0105,ALP,development,0
284,ALP,IT_ALP0106,ALP:IT_ALP0106,ALP,development,2
285,ALP,IT_ALP0107,ALP:IT_ALP0107,ALP,development,2
286,ALP,IT_ALP0108,ALP:IT_ALP0108,ALP,development,1
287,ALP,IT_ALP0109,ALP:IT_ALP0109,ALP,development,0
288,ALP,IT_ALP0110,ALP:IT_ALP0110,ALP,test,-1
289,ALP,IT_ALP0111,ALP:IT_ALP0111,ALP,development,2
290,ALP,IT_ALP0112,ALP:IT_ALP0112,ALP,development,0
291,ALP,IT_ALP0113,ALP:IT_ALP0113,ALP,development,0
292,ALP,IT_ALP0114,ALP:IT_ALP0114,ALP,development,1
293,ALP,IT_ALP0115,ALP:IT_ALP0115,ALP,development,2
294,ALP,IT_ALP0116,ALP:IT_ALP0116,ALP,test,-1
295,ALP,IT_ALP0117,ALP:IT_ALP0117,ALP,development,2
296,ALP,IT_ALP0118,ALP:IT_ALP0118,ALP,development,2
297,ALP,IT_ALP0119,ALP:IT_ALP0119,ALP,development,2
298,ALP,IT_ALP0120,ALP:IT_ALP0120,ALP,development,0
299,ALP,IT_ALP0121,ALP:IT_ALP0121,ALP,development,1
300,ALP,IT_ALP0122,ALP:IT_ALP0122,ALP,development,2
301,ALP,IT_ALP0123,ALP:IT_ALP0123,ALP,development,2
302,ALP,IT_ALP0124,ALP:IT_ALP0124,ALP,test,-1
303,ALP,IT_ALP0125,ALP:IT_ALP0125,ALP,development,0
304,ALP,IT_ALP0126,ALP:IT_ALP0126,ALP,development,1
305,ALP,IT_ALP0127,ALP:IT_ALP0127,ALP,development,0
306,ALP,IT_ALP0128,ALP:IT_ALP0128,ALP,development,1
307,ALP,IT_ALP0129,ALP:IT_ALP0129,ALP,development,0
308,ALP,IT_ALP0130,ALP:IT_ALP0130,ALP,development,2
309,ALP,IT_ALP0131,ALP:IT_ALP0131,ALP,development,1
310,ALP,IT_ALP0132,ALP:IT_ALP0132,ALP,development,0
311,ALP,IT_ALP0133,ALP:IT_ALP0133,ALP,test,-1
312,ALP,IT_ALP0134,ALP:IT_ALP0134,ALP,development,2
313,ALP,IT_ALP0135,ALP:IT_ALP0135,ALP,test,-1
314,ALP,IT_ALP0136,ALP:IT_ALP0136,ALP,development,1
315,ALP,IT_ALP0137,ALP:IT_ALP0137,ALP,development,2
316,ALP,IT_ALP0138,ALP:IT_ALP0138,ALP,development,0
317,ALP,IT_ALP0139,ALP:IT_ALP0139,ALP,test,-1
318,ALP,IT_ALP0140,ALP:IT_ALP0140,ALP,test,-1
319,ALP,IT_ALP0141,ALP:IT_ALP0141,ALP,test,-1
321,ALP,IT_ALP0143,ALP:IT_ALP0143,ALP,development,2
322,ALP,IT_ALP0144,ALP:IT_ALP0144,ALP,development,0
323,ALP,IT_ALP0145,ALP:IT_ALP0145,ALP,development,2
324,ALP,IT_ALP0146,ALP:IT_ALP0146,ALP,test,-1
325,ALP,IT_ALP0147,ALP:IT_ALP0147,ALP,development,2
326,ALP,IT_ALP0148,ALP:IT_ALP0148,ALP,test,-1
327,ALP,IT_ALP0149,ALP:IT_ALP0149,ALP,development,2
328,ALP,IT_ALP0150,ALP:IT_ALP0150,ALP,development,1
329,ALP,IT_ALP0151,ALP:IT_ALP0151,ALP,development,1
330,ALP,IT_ALP0152,ALP:IT_ALP0152,ALP,development,1
331,ALP,IT_ALP0153,ALP:IT_ALP0153,ALP,development,1
332,ALP,IT_ALP0154,ALP:IT_ALP0154,ALP,development,0
333,ALP,IT_ALP0155,ALP:IT_ALP0155,ALP,development,1
334,ALP,IT_ALP0156,ALP:IT_ALP0156,ALP,development,0
335,ALP,IT_ALP0157,ALP:IT_ALP0157,ALP,development,0
336,ALP,IT_ALP0158,ALP:IT_ALP0158,ALP,development,0
337,ALP,IT_ALP0159,ALP:IT_ALP0159,ALP,development,1
338,ALP,IT_ALP0160,ALP:IT_ALP0160,ALP,development,1
346,ANG,AR_ANG0034,ANG:AR_ANG0034,ANG,development,0
347,ANG,AR_ANG0035,ANG:AR_ANG0035,ANG,development,2
348,ANG,AR_ANG0036,ANG:AR_ANG0036,ANG,development,1
349,ANG,AR_ANG0037,ANG:AR_ANG0037,ANG,development,1
350,ANG,AR_ANG0038,ANG:AR_ANG0038,ANG,development,1
351,ANG,AR_ANG0039,ANG:AR_ANG0039,ANG,development,2
352,ANG,AR_ANG0040,ANG:AR_ANG0040,ANG,development,0
353,ANG,AR_ANG0041,ANG:AR_ANG0041,ANG,test,-1
354,ANG,AR_ANG0042,ANG:AR_ANG0042,ANG,development,0
355,ANG,AR_ANG0043,ANG:AR_ANG0043,ANG,development,0
356,ANG,AR_ANG0044,ANG:AR_ANG0044,ANG,development,1
357,ANG,AR_ANG0045,ANG:AR_ANG0045,ANG,development,1
358,ANG,AR_ANG0046,ANG:AR_ANG0046,ANG,test,-1
359,ANG,AR_ANG0047,ANG:AR_ANG0047,ANG,development,0
360,ANG,AR_ANG0048,ANG:AR_ANG0048,ANG,development,1
361,ANG,AR_ANG0049,ANG:AR_ANG0049,ANG,development,1
362,ANG,AR_ANG0050,ANG:AR_ANG0050,ANG,development,0
363,ANG,AR_ANG0051,ANG:AR_ANG0051,ANG,development,2
364,ANG,AR_ANG0052,ANG:AR_ANG0052,ANG,development,2
365,ANG,AR_ANG0053,ANG:AR_ANG0053,ANG,development,1
366,ANG,AR_ANG0054,ANG:AR_ANG0054,ANG,development,0
367,ANG,AR_ANG0055,ANG:AR_ANG0055,ANG,development,2
368,ANG,AR_ANG0056,ANG:AR_ANG0056,ANG,development,2
369,ANG,AR_ANG0057,ANG:AR_ANG0057,ANG,development,1
370,ANG,AR_ANG0058,ANG:AR_ANG0058,ANG,development,0
371,ANG,AR_ANG0059,ANG:AR_ANG0059,ANG,development,2
372,ANG,AR_ANG0060,ANG:AR_ANG0060,ANG,development,2
373,ANG,AR_ANG0061,ANG:AR_ANG0061,ANG,development,2
374,ANG,AR_ANG0062,ANG:AR_ANG0062,ANG,development,0
375,ANG,AR_ANG0063,ANG:AR_ANG0063,ANG,test,-1
376,ANG,AR_ANG0064,ANG:AR_ANG0064,ANG,test,-1
377,ANG,AR_ANG0065,ANG:AR_ANG0065,ANG,development,2
378,ANG,AR_ANG0066,ANG:AR_ANG0066,ANG,development,1
379,ANG,AR_ANG0067,ANG:AR_ANG0067,ANG,development,0
380,ANG,AR_ANG0068,ANG:AR_ANG0068,ANG,test,-1
381,ANG,AR_ANG0069,ANG:AR_ANG0069,ANG,development,2
382,ANG,AR_ANG0070,ANG:AR_ANG0070,ANG,development,0
383,ANG,AR_ANG0071,ANG:AR_ANG0071,ANG,development,0
384,ANG,AR_ANG0072,ANG:AR_ANG0072,ANG,development,2
385,ANG,AR_ANG0073,ANG:AR_ANG0073,ANG,development,2
386,ANG,AR_ANG0074,ANG:AR_ANG0074,ANG,development,1
387,ANG,AR_ANG0075,ANG:AR_ANG0075,ANG,development,0
388,ANG,AR_ANG0076,ANG:AR_ANG0076,ANG,development,1
389,ANG,AR_ANG0077,ANG:AR_ANG0077,ANG,development,1
390,ANG,AR_ANG0078,ANG:AR_ANG0078,ANG,development,2
391,ANG,AR_ANG0079,ANG:AR_ANG0079,ANG,development,2
392,ANG,AR_ANG0080,ANG:AR_ANG0080,ANG,development,0
393,ANG,AR_ANG0081,ANG:AR_ANG0081,ANG,development,0
394,ANG,AR_ANG0082,ANG:AR_ANG0082,ANG,development,2
395,ANG,AR_ANG0083,ANG:AR_ANG0083,ANG,development,0
397,ANG,AR_ANG0085,ANG:AR_ANG0085,ANG,development,2
398,ANG,AR_ANG0086,ANG:AR_ANG0086,ANG,test,-1
399,ANG,AR_ANG0087,ANG:AR_ANG0087,ANG,test,-1
400,ANG,AR_ANG0088,ANG:AR_ANG0088,ANG,development,0
401,ANG,AR_ANG0089,ANG:AR_ANG0089,ANG,development,1
402,ANG,AR_ANG0090,ANG:AR_ANG0090,ANG,test,-1
403,ANG,AR_ANG0091,ANG:AR_ANG0091,ANG,development,0
404,ANG,AR_ANG0092,ANG:AR_ANG0092,ANG,development,2
405,ANG,AR_ANG0093,ANG:AR_ANG0093,ANG,development,2
406,ANG,AR_ANG0094,ANG:AR_ANG0094,ANG,development,0
407,ANG,AR_ANG0095,ANG:AR_ANG0095,ANG,development,0
408,ANG,AR_ANG0096,ANG:AR_ANG0096,ANG,test,-1
409,ANG,AR_ANG0097,ANG:AR_ANG0097,ANG,development,0
410,ANG,AR_ANG0098,ANG:AR_ANG0098,ANG,development,0
411,ANG,AR_ANG0099,ANG:AR_ANG0099,ANG,development,1
412,ANG,AR_ANG0100,ANG:AR_ANG0100,ANG,development,1
413,ANG,AR_ANG0101,ANG:AR_ANG0101,ANG,development,0
414,ANG,AR_ANG0102,ANG:AR_ANG0102,ANG,development,0
415,ANG,AR_ANG0103,ANG:AR_ANG0103,ANG,development,0
416,ANG,AR_ANG0104,ANG:AR_ANG0104,ANG,development,1
417,ANG,AR_ANG0105,ANG:AR_ANG0105,ANG,development,1
418,ANG,AR_ANG0106,ANG:AR_ANG0106,ANG,test,-1
419,ANG,AR_ANG0107,ANG:AR_ANG0107,ANG,development,0
420,ANG,AR_ANG0108,ANG:AR_ANG0108,ANG,development,2
421,ANG,AR_ANG0109,ANG:AR_ANG0109,ANG,development,2
422,ANG,AR_ANG0110,ANG:AR_ANG0110,ANG,test,-1
423,ANG,AR_ANG0111,ANG:AR_ANG0111,ANG,development,1
424,ANG,AR_ANG0112,ANG:AR_ANG0112,ANG,test,-1
425,ANG,AR_ANG0113,ANG:AR_ANG0113,ANG,development,1
426,ANG,AR_ANG0114,ANG:AR_ANG0114,ANG,development,2
427,ANG,AR_ANG0115,ANG:AR_ANG0115,ANG,development,2
428,ANG,AR_ANG0116,ANG:AR_ANG0116,ANG,development,1
429,ANG,AR_ANG0117,ANG:AR_ANG0117,ANG,development,1
430,ANG,AR_ANG0118,ANG:AR_ANG0118,ANG,development,1
431,ANG,AR_ANG0120,ANG:AR_ANG0120,ANG,development,0
432,ANG,AR_ANG0121,ANG:AR_ANG0121,ANG,development,0
434,ANG,AR_ANG0123,ANG:AR_ANG0123,ANG,test,-1
435,ANG,AR_ANG0124,ANG:AR_ANG0124,ANG,test,-1
436,ANG,AR_ANG0125,ANG:AR_ANG0125,ANG,development,0
437,ANG,AR_ANG0126,ANG:AR_ANG0126,ANG,development,0
449,ANG,AR_ANG0138,ANG:AR_ANG0138,ANG,development,1
452,ANG,AR_ANG0141,ANG:AR_ANG0141,ANG,test,-1
463,ANG,AR_ANG0152,ANG:AR_ANG0152,ANG,development,2
464,ANG,AR_ANG0153,ANG:AR_ANG0153,ANG,development,2
465,ANG,AR_ANG0154,ANG:AR_ANG0154,ANG,development,0
466,ANG,AR_ANG0155,ANG:AR_ANG0155,ANG,development,2
467,ANG,AR_ANG0156,ANG:AR_ANG0156,ANG,test,-1
468,ANG,AR_ANG0157,ANG:AR_ANG0157,ANG,development,1
469,ANG,AR_ANG0158,ANG:AR_ANG0158,ANG,test,-1
470,ANG,AR_ANG0159,ANG:AR_ANG0159,ANG,development,0
471,ANG,AR_ANG0160,ANG:AR_ANG0160,ANG,development,1
472,ANG,AR_ANG0161,ANG:AR_ANG0161,ANG,development,1
473,ANG,AR_ANG0162,ANG:AR_ANG0162,ANG,development,2
474,ANG,AR_ANG0163,ANG:AR_ANG0163,ANG,development,2
475,ANG,AR_ANG0164,ANG:AR_ANG0164,ANG,development,0
476,ANG,AR_ANG0166,ANG:AR_ANG0166,ANG,development,2
477,ANG,AR_ANG0167,ANG:AR_ANG0167,ANG,test,-1
478,ANG,AR_ANG0168,ANG:AR_ANG0168,ANG,development,0
479,ANG,AR_ANG0169,ANG:AR_ANG0169,ANG,development,0
480,ANG,AR_ANG0170,ANG:AR_ANG0170,ANG,development,2
481,ANG,AR_ANG0171,ANG:AR_ANG0171,ANG,development,1
483,ANG,AR_ANG0173,ANG:AR_ANG0173,ANG,development,0
484,ANG,AR_ANG0174,ANG:AR_ANG0174,ANG,development,0
485,ANG,AR_ANG0175,ANG:AR_ANG0175,ANG,test,-1
486,ANG,AR_ANG0176,ANG:AR_ANG0176,ANG,development,2
487,ANG,AR_ANG0177,ANG:AR_ANG0177,ANG,development,1
488,ANG,AR_ANG0178,ANG:AR_ANG0178,ANG,test,-1
489,ANG,AR_ANG0179,ANG:AR_ANG0179,ANG,test,-1
490,ANG,AR_ANG0180,ANG:AR_ANG0180,ANG,development,2
491,ANG,AR_ANG0181,ANG:AR_ANG0181,ANG,development,1
492,ANG,AR_ANG0182,ANG:AR_ANG0182,ANG,test,-1
493,ANG,AR_ANG0183,ANG:AR_ANG0183,ANG,development,1
494,ANG,AR_ANG0184,ANG:AR_ANG0184,ANG,test,-1
495,ANG,AR_ANG0185,ANG:AR_ANG0185,ANG,test,-1
496,ANG,AR_ANG0186,ANG:AR_ANG0186,ANG,development,2
497,ANG,AR_ANG0187,ANG:AR_ANG0187,ANG,development,1
498,ANG,AR_ANG0188,ANG:AR_ANG0188,ANG,development,1
499,ANG,AR_ANG0189,ANG:AR_ANG0189,ANG,test,-1
500,ANG,AR_ANG0190,ANG:AR_ANG0190,ANG,development,2
503,ANG,AR_ANG0193,ANG:AR_ANG0193,ANG,development,2
504,ANG,AR_ANG0194,ANG:AR_ANG0194,ANG,development,1
505,ANG,AR_ANG0195,ANG:AR_ANG0195,ANG,test,-1
506,ANG,AR_ANG0196,ANG:AR_ANG0196,ANG,development,1
507,ANG,AR_ANG0197,ANG:AR_ANG0197,ANG,development,2
508,ANG,AR_ANG0198,ANG:AR_ANG0198,ANG,development,1
509,ANG,AR_ANG0199,ANG:AR_ANG0199,ANG,development,0
510,ANG,AR_ANG0200,ANG:AR_ANG0200,ANG,development,1
511,ANG,AR_ANG0201,ANG:AR_ANG0201,ANG,development,1
512,ANG,AR_ANG0202,ANG:AR_ANG0202,ANG,development,2
513,ANG,AR_ANG0203,ANG:AR_ANG0203,ANG,development,2
516,ANG,AR_ANG0206,ANG:AR_ANG0206,ANG,development,0
517,ANG,AR_ANG0207,ANG:AR_ANG0207,ANG,development,2
518,ANG,AR_ANG0208,ANG:AR_ANG0208,ANG,development,0
520,ANG,AR_ANG0210,ANG:AR_ANG0210,ANG,development,1
521,ANG,AR_ANG0211,ANG:AR_ANG0211,ANG,development,2
522,ANG,AR_ANG0212,ANG:AR_ANG0212,ANG,development,1
523,ANG,AR_ANG0213,ANG:AR_ANG0213,ANG,development,2
525,ANG,AR_ANG0215,ANG:AR_ANG0215,ANG,development,1
526,ANG,AR_ANG0216,ANG:AR_ANG0216,ANG,development,2
527,ANG,AR_ANG0217,ANG:AR_ANG0217,ANG,development,2
528,ANG,AR_ANG0218,ANG:AR_ANG0218,ANG,development,1
529,ANG,AR_ANG0219,ANG:AR_ANG0219,ANG,development,1
530,ANG,AR_ANG0220,ANG:AR_ANG0220,ANG,test,-1
531,ANG,AR_ANG0221,ANG:AR_ANG0221,ANG,development,2
532,ANG,AR_ANG0222,ANG:AR_ANG0222,ANG,development,1
533,ANG,AR_ANG0223,ANG:AR_ANG0223,ANG,development,2
534,ANG,AR_ANG0224,ANG:AR_ANG0224,ANG,development,1
535,ANG,AR_ANG0225,ANG:AR_ANG0225,ANG,development,0
536,ANG,AR_ANG0226,ANG:AR_ANG0226,ANG,development,2
537,ANG,AR_ANG0227,ANG:AR_ANG0227,ANG,development,0
538,ANG,AR_ANG0228,ANG:AR_ANG0228,ANG,development,0
539,ANG,AR_ANG0229,ANG:AR_ANG0229,ANG,test,-1
540,ANG,AR_ANG0230,ANG:AR_ANG0230,ANG,development,2
541,ANG,AR_ANG0231,ANG:AR_ANG0231,ANG,development,0
542,ANG,AR_ANG0232,ANG:AR_ANG0232,ANG,development,0
543,ANG,AR_ANG0233,ANG:AR_ANG0233,ANG,test,-1
544,ANG,AR_ANG0234,ANG:AR_ANG0234,ANG,development,1
545,ANG,AR_ANG0235,ANG:AR_ANG0235,ANG,development,2
546,ANG,AR_ANG0236,ANG:AR_ANG0236,ANG,development,0
547,ANG,AR_ANG0237,ANG:AR_ANG0237,ANG,development,0
548,ANG,AR_ANG0238,ANG:AR_ANG0238,ANG,development,1
549,ANG,AR_ANG0239,ANG:AR_ANG0239,ANG,development,1
551,ANG,AR_ANG0241,ANG:AR_ANG0241,ANG,test,-1
552,ANG,AR_ANG0242,ANG:AR_ANG0242,ANG,test,-1
553,ANG,AR_ANG0243,ANG:AR_ANG0243,ANG,development,0
554,ANG,AR_ANG0244,ANG:AR_ANG0244,ANG,development,0
555,ANG,AR_ANG0245,ANG:AR_ANG0245,ANG,development,0
556,ANG,AR_ANG0246,ANG:AR_ANG0246,ANG,development,1
557,ANG,AR_ANG0247,ANG:AR_ANG0247,ANG,development,1
558,ANG,AR_ANG0248,ANG:AR_ANG0248,ANG,test,-1
559,ANG,AR_ANG0249,ANG:AR_ANG0249,ANG,development,1
560,ANG,AR_ANG0250,ANG:AR_ANG0250,ANG,development,1
561,ANG,AR_ANG0251,ANG:AR_ANG0251,ANG,development,2
563,ANG,AR_ANG0253,ANG:AR_ANG0253,ANG,development,2
564,ANG,AR_ANG0254,ANG:AR_ANG0254,ANG,development,0
565,ANG,AR_ANG0255,ANG:AR_ANG0255,ANG,development,0
566,ANG,AR_ANG0256,ANG:AR_ANG0256,ANG,development,1
567,ANG,AR_ANG0257,ANG:AR_ANG0257,ANG,development,0
568,ANG,AR_ANG0258,ANG:AR_ANG0258,ANG,development,1
569,ANG,AR_ANG0259,ANG:AR_ANG0259,ANG,development,1
570,ANG,AR_ANG0260,ANG:AR_ANG0260,ANG,development,0
571,ANG,AR_ANG0261,ANG:AR_ANG0261,ANG,development,1
573,ANG,AR_ANG0263,ANG:AR_ANG0263,ANG,development,1
574,ANG,AR_ANG0264,ANG:AR_ANG0264,ANG,test,-1
575,ANG,AR_ANG0265,ANG:AR_ANG0265,ANG,development,1
576,ANG,AR_ANG0266,ANG:AR_ANG0266,ANG,development,2
577,ANG,AR_ANG0267,ANG:AR_ANG0267,ANG,development,2
579,ANG,AR_ANG0269,ANG:AR_ANG0269,ANG,development,1
580,ANG,AR_ANG0270,ANG:AR_ANG0270,ANG,development,1
581,ANG,AR_ANG0271,ANG:AR_ANG0271,ANG,development,2
582,ANG,AR_ANG0272,ANG:AR_ANG0272,ANG,development,2
583,ANG,AR_ANG0273,ANG:AR_ANG0273,ANG,development,2
584,ANG,AR_ANG0274,ANG:AR_ANG0274,ANG,development,0
585,ANG,AR_ANG0275,ANG:AR_ANG0275,ANG,development,1
586,ANG,AR_ANG0276,ANG:AR_ANG0276,ANG,test,-1
587,ANG,AR_ANG0277,ANG:AR_ANG0277,ANG,development,0
588,ANG,AR_ANG0278,ANG:AR_ANG0278,ANG,development,2
589,ANG,AR_ANG0279,ANG:AR_ANG0279,ANG,development,0
590,ANG,AR_ANG0280,ANG:AR_ANG0280,ANG,development,0
593,ANG,AR_ANG0283,ANG:AR_ANG0283,ANG,development,2
594,ANG,AR_ANG0284,ANG:AR_ANG0284,ANG,development,1
596,ANG,AR_ANG0286,ANG:AR_ANG0286,ANG,development,2
597,ANG,AR_ANG0287,ANG:AR_ANG0287,ANG,development,0
598,ANG,AR_ANG0288,ANG:AR_ANG0288,ANG,development,0
600,ANG,AR_ANG0291,ANG:AR_ANG0291,ANG,development,1
601,ANG,AR_ANG0292,ANG:AR_ANG0292,ANG,development,2
602,ANG,AR_ANG0293,ANG:AR_ANG0293,ANG,development,0
603,ANG,AR_ANG0294,ANG:AR_ANG0294,ANG,development,2
604,ANG,AR_ANG0295,ANG:AR_ANG0295,ANG,development,0
605,ANG,AR_ANG0296,ANG:AR_ANG0296,ANG,development,2
606,ANG,AR_ANG0297,ANG:AR_ANG0297,ANG,development,0
607,ANG,AR_ANG0298,ANG:AR_ANG0298,ANG,development,0
608,ANG,AR_ANG0299,ANG:AR_ANG0299,ANG,test,-1
609,ANG,AR_ANG0300,ANG:AR_ANG0300,ANG,development,2
610,ANG,AR_ANG0301,ANG:AR_ANG0301,ANG,test,-1
611,ANG,AR_ANG0302,ANG:AR_ANG0302,ANG,development,1
612,ANG,AR_ANG0303,ANG:AR_ANG0303,ANG,development,2
613,ANG,AR_ANG0304,ANG:AR_ANG0304,ANG,development,1
614,ANG,AR_ANG0305,ANG:AR_ANG0305,ANG,development,2
615,ANG,AR_ANG0306,ANG:AR_ANG0306,ANG,development,2
616,ANG,AR_ANG0307,ANG:AR_ANG0307,ANG,test,-1
617,ANG,AR_ANG0308,ANG:AR_ANG0308,ANG,test,-1
618,ANG,AR_ANG0309,ANG:AR_ANG0309,ANG,development,1
619,ANG,AR_ANG0310,ANG:AR_ANG0310,ANG,development,1
621,ANG,AR_ANG0312,ANG:AR_ANG0312,ANG,development,1
622,ANG,AR_ANG0313,ANG:AR_ANG0313,ANG,development,0
623,ANG,AR_ANG0314,ANG:AR_ANG0314,ANG,development,1
624,ANG,AR_ANG0315,ANG:AR_ANG0315,ANG,development,2
627,ANG,AR_ANG0318,ANG:AR_ANG0318,ANG,test,-1
629,ANG,AR_ANG0320,ANG:AR_ANG0320,ANG,development,2
630,ANG,AR_ANG0321,ANG:AR_ANG0321,ANG,development,2
631,ANG,AR_ANG0322,ANG:AR_ANG0322,ANG,development,2
633,ANG,AR_ANG0324,ANG:AR_ANG0324,ANG,development,2
634,ANG,AR_ANG0325,ANG:AR_ANG0325,ANG,development,0
635,ANG,AR_ANG0326,ANG:AR_ANG0326,ANG,development,0
636,ANG,AR_ANG0327,ANG:AR_ANG0327,ANG,test,-1
637,ANG,AR_ANG0328,ANG:AR_ANG0328,ANG,development,0
638,ANG,AR_ANG0329,ANG:AR_ANG0329,ANG,development,1
639,ANG,AR_ANG0330,ANG:AR_ANG0330,ANG,test,-1
640,ANG,AR_ANG0331,ANG:AR_ANG0331,ANG,development,1
641,ANG,AR_ANG0332,ANG:AR_ANG0332,ANG,development,1
642,ANG,AR_ANG0333,ANG:AR_ANG0333,ANG,development,1
643,ANG,AR_ANG0334,ANG:AR_ANG0334,ANG,development,1
644,ANG,AR_ANG0335,ANG:AR_ANG0335,ANG,development,0
645,ANG,AR_ANG0336,ANG:AR_ANG0336,ANG,development,0
646,ANG,AR_ANG0337,ANG:AR_ANG0337,ANG,development,0
647,ANG,AR_ANG0338,ANG:AR_ANG0338,ANG,development,1
648,ANG,AR_ANG0339,ANG:AR_ANG0339,ANG,development,0
649,ANG,AR_ANG0340,ANG:AR_ANG0340,ANG,development,0
650,ANG,AR_ANG0341,ANG:AR_ANG0341,ANG,development,2
651,ANG,AR_ANG0343,ANG:AR_ANG0343,ANG,test,-1
652,ANG,AR_ANG0344,ANG:AR_ANG0344,ANG,test,-1
654,ANG,AR_ANG0346,ANG:AR_ANG0346,ANG,development,0
655,ANG,AR_ANG0347,ANG:AR_ANG0347,ANG,development,0
656,ANG,AR_ANG0348,ANG:AR_ANG0348,ANG,development,1
657,ANG,AR_ANG0349,ANG:AR_ANG0349,ANG,development,2
658,ANG,AR_ANG0350,ANG:AR_ANG0350,ANG,development,0
659,ANG,AR_ANG0351,ANG:AR_ANG0351,ANG,development,2
660,ANG,AR_ANG0352,ANG:AR_ANG0352,ANG,development,0
661,ANG,AR_ANG0353,ANG:AR_ANG0353,ANG,development,1
662,ANG,AR_ANG0354,ANG:AR_ANG0354,ANG,development,2
663,ANG,AR_ANG0355,ANG:AR_ANG0355,ANG,development,0
664,ANG,AR_ANG0356,ANG:AR_ANG0356,ANG,test,-1
665,ANG,AR_ANG0357,ANG:AR_ANG0357,ANG,development,2
666,ANG,AR_ANG0358,ANG:AR_ANG0358,ANG,development,0
667,ANG,AR_ANG0359,ANG:AR_ANG0359,ANG,development,1
668,ANG,AR_ANG0360,ANG:AR_ANG0360,ANG,development,2
669,ANG,AR_ANG0361,ANG:AR_ANG0361,ANG,development,2
670,ANG,AR_ANG0362,ANG:AR_ANG0362,ANG,development,2
671,ANG,AR_ANG0363,ANG:AR_ANG0363,ANG,development,2
672,ANG,AR_ANG0364,ANG:AR_ANG0364,ANG,test,-1
673,ANG,AR_ANG0365,ANG:AR_ANG0365,ANG,development,1
674,ANG,AR_ANG0366,ANG:AR_ANG0366,ANG,development,2
676,ANG,AR_ANG0369,ANG:AR_ANG0369,ANG,development,1
677,ANG,AR_ANG0372,ANG:AR_ANG0372,ANG,development,1
678,ANG,FR_ANG0001,ANG:FR_ANG0001,ANG,development,2
679,ANG,FR_ANG0002,ANG:FR_ANG0002,ANG,development,1
680,ANG,FR_ANG0003,ANG:FR_ANG0003,ANG,development,0
681,ANG,FR_ANG0004,ANG:FR_ANG0004,ANG,development,1
682,ANG,FR_ANG0005,ANG:FR_ANG0005,ANG,development,0
683,ANG,FR_ANG0006,ANG:FR_ANG0006,ANG,development,1
684,ANG,FR_ANG0007,ANG:FR_ANG0007,ANG,test,-1
685,ANG,FR_ANG0008,ANG:FR_ANG0008,ANG,test,-1
686,ANG,FR_ANG0009,ANG:FR_ANG0009,ANG,development,0
687,ANG,FR_ANG0010,ANG:FR_ANG0010,ANG,development,1
688,ANG,FR_ANG0011,ANG:FR_ANG0011,ANG,development,2
689,ANG,FR_ANG0012,ANG:FR_ANG0012,ANG,development,0
690,ANG,FR_ANG0013,ANG:FR_ANG0013,ANG,test,-1
691,ANG,FR_ANG0014,ANG:FR_ANG0014,ANG,development,0
692,ANG,FR_ANG0015,ANG:FR_ANG0015,ANG,development,0
693,ANG,FR_ANG0016,ANG:FR_ANG0016,ANG,development,2
694,ANG,FR_ANG0017,ANG:FR_ANG0017,ANG,development,2
695,ANG,FR_ANG0018,ANG:FR_ANG0018,ANG,development,0
696,ANG,FR_ANG0019,ANG:FR_ANG0019,ANG,development,0
697,ANG,FR_ANG0020,ANG:FR_ANG0020,ANG,development,2
698,ANG,FR_ANG0021,ANG:FR_ANG0021,ANG,development,2
699,ANG,FR_ANG0022,ANG:FR_ANG0022,ANG,test,-1
700,ANG,FR_ANG0023,ANG:FR_ANG0023,ANG,development,2
701,ANG,FR_ANG0024,ANG:FR_ANG0024,ANG,development,2
702,ANG,FR_ANG0025,ANG:FR_ANG0025,ANG,development,1
703,ANG,FR_ANG0026,ANG:FR_ANG0026,ANG,development,1
704,ANG,MG_ANG0027,ANG:MG_ANG0027,ANG,development,1
705,ANG,MG_ANG0028,ANG:MG_ANG0028,ANG,development,2
706,ANG,MG_ANG0029,ANG:MG_ANG0029,ANG,development,0
707,ANG,MG_ANG0030,ANG:MG_ANG0030,ANG,development,1
708,ANG,MG_ANG0031,ANG:MG_ANG0031,ANG,development,0
709,ANG,MG_ANG0032,ANG:MG_ANG0032,ANG,development,2
710,ANG,MG_ANG0033,ANG:MG_ANG0033,ANG,development,2
711,ANG,ZA_ANG0366,ANG:ZA_ANG0366,ANG,test,-1
712,ANG,ZA_ANG0367,ANG:ZA_ANG0367,ANG,development,0
713,ANG,ZA_ANG0368,ANG:ZA_ANG0368,ANG,development,0
714,ANG,ZA_ANG0369,ANG:ZA_ANG0369,ANG,development,2
715,ANG,ZA_ANG0370,ANG:ZA_ANG0370,ANG,development,2
716,ANG,ZA_ANG0371,ANG:ZA_ANG0371,ANG,development,1
717,ANG,ZA_ANG0372,ANG:ZA_ANG0372,ANG,development,0
718,ANG,ZA_ANG0373,ANG:ZA_ANG0373,ANG,development,0
719,ANG,ZA_ANG0374,ANG:ZA_ANG0374,ANG,development,1
720,ANG,ZA_ANG0375,ANG:ZA_ANG0375,ANG,development,0
721,ANG,ZA_ANG0376,ANG:ZA_ANG0376,ANG,development,0
722,ANG,ZA_ANG0377,ANG:ZA_ANG0377,ANG,test,-1
723,ANG,ZA_ANG0378,ANG:ZA_ANG0378,ANG,test,-1
724,ANG,ZA_ANG0379,ANG:ZA_ANG0379,ANG,development,1
725,ANG,ZA_ANG0380,ANG:ZA_ANG0380,ANG,development,0
726,ANG,ZA_ANG0381,ANG:ZA_ANG0381,ANG,development,2
727,ANG,ZA_ANG0382,ANG:ZA_ANG0382,ANG,development,2
728,ANG,ZA_ANG0383,ANG:ZA_ANG0383,ANG,development,0
729,ANG,ZA_ANG0384,ANG:ZA_ANG0384,ANG,development,2
730,ANG,ZA_ANG0385,ANG:ZA_ANG0385,ANG,development,2
731,ANG,ZA_ANG0386,ANG:ZA_ANG0386,ANG,development,0
732,ANG,ZA_ANG0387,ANG:ZA_ANG0387,ANG,development,2
733,ANG,ZA_ANG0388,ANG:ZA_ANG0388,ANG,development,0
734,ANG,ZA_ANG0389,ANG:ZA_ANG0389,ANG,development,1
735,ANG,ZA_ANG0390,ANG:ZA_ANG0390,ANG,development,2
736,ANG,ZA_ANG0391,ANG:ZA_ANG0391,ANG,development,0
737,ANG,ZA_ANG0392,ANG:ZA_ANG0392,ANG,test,-1
738,ANG,ZA_ANG0393,ANG:ZA_ANG0393,ANG,development,1
739,ANG,ZA_ANG0394,ANG:ZA_ANG0394,ANG,development,0
740,ANG,ZA_ANG0395,ANG:ZA_ANG0395,ANG,development,1
741,ANG,ZA_ANG0396,ANG:ZA_ANG0396,ANG,development,1
742,ANG,ZA_ANG0397,ANG:ZA_ANG0397,ANG,development,1
743,ANG,ZA_ANG0398,ANG:ZA_ANG0398,ANG,development,2
744,ANG,ZA_ANG0399,ANG:ZA_ANG0399,ANG,development,2
745,ANG,ZA_ANG0400,ANG:ZA_ANG0400,ANG,development,0
746,ANG,ZA_ANG0401,ANG:ZA_ANG0401,ANG,development,1
747,ANG,ZA_ANG0402,ANG:ZA_ANG0402,ANG,development,1
748,ANG,ZA_ANG0403,ANG:ZA_ANG0403,ANG,development,2
749,ANG,ZA_ANG0404,ANG:ZA_ANG0404,ANG,development,1
750,ANG,ZA_ANG0405,ANG:ZA_ANG0405,ANG,development,1
751,ANG,ZA_ANG0406,ANG:ZA_ANG0406,ANG,test,-1
752,ANG,ZA_ANG0407,ANG:ZA_ANG0407,ANG,development,1
753,ANG,ZA_ANG0408,ANG:ZA_ANG0408,ANG,development,0
754,ANG,ZA_ANG0409,ANG:ZA_ANG0409,ANG,development,1
755,ANG,ZA_ANG0410,ANG:ZA_ANG0410,ANG,test,-1
756,ANG,ZA_ANG0411,ANG:ZA_ANG0411,ANG,development,2
757,ANG,ZA_ANG0412,ANG:ZA_ANG0412,ANG,development,2
758,ANG,ZA_ANG0413,ANG:ZA_ANG0413,ANG,development,1
937,BOE,AU_BOE0018,BOE:AU_BOE0018,BOE,development,2
938,BOE,AU_BOE0019,BOE:AU_BOE0019,BOE,development,0
939,BOE,AU_BOE0020,BOE:AU_BOE0020,BOE,test,-1
940,BOE,AU_BOE0021,BOE:AU_BOE0021,BOE,development,2
941,BOE,AU_BOE0022,BOE:AU_BOE0022,BOE,development,2
942,BOE,AU_BOE0023,BOE:AU_BOE0023,BOE,development,1
943,BOE,AU_BOE0024,BOE:AU_BOE0024,BOE,development,1
944,BOE,AU_BOE0025,BOE:AU_BOE0025,BOE,development,1
945,BOE,AU_BOE0026,BOE:AU_BOE0026,BOE,development,2
946,BOE,AU_BOE0027,BOE:AU_BOE0027,BOE,development,1
947,BOE,AU_BOE0028,BOE:AU_BOE0028,BOE,test,-1
948,BOE,AU_BOE0029,BOE:AU_BOE0029,BOE,development,2
949,BOE,AU_BOE0030,BOE:AU_BOE0030,BOE,development,1
950,BOE,AU_BOE0031,BOE:AU_BOE0031,BOE,development,0
951,BOE,AU_BOE0032,BOE:AU_BOE0032,BOE,test,-1
952,BOE,AU_BOE0033,BOE:AU_BOE0033,BOE,development,0
953,BOE,AU_BOE0034,BOE:AU_BOE0034,BOE,test,-1
954,BOE,AU_BOE0035,BOE:AU_BOE0035,BOE,development,0
955,BOE,AU_BOE0036,BOE:AU_BOE0036,BOE,development,1
956,BOE,AU_BOE0037,BOE:AU_BOE0037,BOE,development,2
957,BOE,AU_BOE0038,BOE:AU_BOE0038,BOE,development,0
958,BOE,AU_BOE0039,BOE:AU_BOE0039,BOE,development,1
959,BOE,AU_BOE0040,BOE:AU_BOE0040,BOE,development,2
960,BOE,AU_BOE0041,BOE:AU_BOE0041,BOE,development,2
961,BOE,AU_BOE0042,BOE:AU_BOE0042,BOE,development,1
962,BOE,AU_BOE0043,BOE:AU_BOE0043,BOE,test,-1
963,BOE,AU_BOE0044,BOE:AU_BOE0044,BOE,development,2
964,BOE,AU_BOE0045,BOE:AU_BOE0045,BOE,development,1
965,BOE,AU_BOE0046,BOE:AU_BOE0046,BOE,development,0
966,BOE,AU_BOE0047,BOE:AU_BOE0047,BOE,development,2
967,BOE,AU_BOE0048,BOE:AU_BOE0048,BOE,development,2
968,BOE,AU_BOE0049,BOE:AU_BOE0049,BOE,development,0
969,BOE,AU_BOE0050,BOE:AU_BOE0050,BOE,development,2
970,BOE,AU_BOE0051,BOE:AU_BOE0051,BOE,development,2
971,BOE,AU_BOE0052,BOE:AU_BOE0052,BOE,development,0
972,BOE,AU_BOE0053,BOE:AU_BOE0053,BOE,development,0
973,BOE,AU_BOE0054,BOE:AU_BOE0054,BOE,development,0
974,BOE,AU_BOE0055,BOE:AU_BOE0055,BOE,development,1
975,BOE,AU_BOE0056,BOE:AU_BOE0056,BOE,development,1
976,BOE,AU_BOE0057,BOE:AU_BOE0057,BOE,development,2
977,BOE,AU_BOE0058,BOE:AU_BOE0058,BOE,development,2
978,BOE,AU_BOE0059,BOE:AU_BOE0059,BOE,development,2
979,BOE,AU_BOE0060,BOE:AU_BOE0060,BOE,development,0
980,BOE,AU_BOE0061,BOE:AU_BOE0061,BOE,development,1
981,BOE,AU_BOE0062,BOE:AU_BOE0062,BOE,development,1
982,BOE,AU_BOE0063,BOE:AU_BOE0063,BOE,test,-1
983,BOE,AU_BOE0064,BOE:AU_BOE0064,BOE,development,2
984,BOE,AU_BOE0065,BOE:AU_BOE0065,BOE,development,0
985,BOE,AU_BOE0066,BOE:AU_BOE0066,BOE,development,0
986,BOE,AU_BOE0068,BOE:AU_BOE0068,BOE,development,2
987,BOE,AU_BOE0069,BOE:AU_BOE0069,BOE,development,0
988,BOE,AU_BOE0070,BOE:AU_BOE0070,BOE,test,-1
989,BOE,AU_BOE0071,BOE:AU_BOE0071,BOE,development,2
990,BOE,AU_BOE0072,BOE:AU_BOE0072,BOE,development,0
991,BOE,AU_BOE0073,BOE:AU_BOE0073,BOE,development,1
992,BOE,AU_BOE0074,BOE:AU_BOE0074,BOE,development,1
993,BOE,AU_BOE0075,BOE:AU_BOE0075,BOE,development,2
994,BOE,AU_BOE0076,BOE:AU_BOE0076,BOE,test,-1
995,BOE,AU_BOE0077,BOE:AU_BOE0077,BOE,development,1
996,BOE,AU_BOE0078,BOE:AU_BOE0078,BOE,development,1
997,BOE,AU_BOE0079,BOE:AU_BOE0079,BOE,development,1
998,BOE,CH_BOE0080,BOE:CH_BOE0080,BOE,development,2
999,BOE,CH_BOE0081,BOE:CH_BOE0081,BOE,development,2
1000,BOE,CH_BOE0082,BOE:CH_BOE0082,BOE,development,1
1001,BOE,CH_BOE0083,BOE:CH_BOE0083,BOE,development,0
1002,BOE,CH_BOE0084,BOE:CH_BOE0084,BOE,development,2
1003,BOE,CH_BOE0085,BOE:CH_BOE0085,BOE,development,1
1004,BOE,CH_BOE0086,BOE:CH_BOE0086,BOE,development,2
1005,BOE,CH_BOE0087,BOE:CH_BOE0087,BOE,test,-1
1006,BOE,CH_BOE0088,BOE:CH_BOE0088,BOE,development,2
1007,BOE,CH_BOE0089,BOE:CH_BOE0089,BOE,development,0
1008,BOE,CH_BOE0090,BOE:CH_BOE0090,BOE,development,0
1009,BOE,CH_BOE0091,BOE:CH_BOE0091,BOE,development,1
1010,BOE,CH_BOE0092,BOE:CH_BOE0092,BOE,development,2
1011,BOE,CH_BOE0093,BOE:CH_BOE0093,BOE,development,0
1012,BOE,CH_BOE0094,BOE:CH_BOE0094,BOE,development,1
1013,BOE,CH_BOE0095,BOE:CH_BOE0095,BOE,development,2
1014,BOE,CH_BOE0096,BOE:CH_BOE0096,BOE,test,-1
1015,BOE,CH_BOE0097,BOE:CH_BOE0097,BOE,test,-1
1016,BOE,CH_BOE0098,BOE:CH_BOE0098,BOE,development,1
1017,BOE,CH_BOE0099,BOE:CH_BOE0099,BOE,development,2
1018,BOE,CH_BOE0100,BOE:CH_BOE0100,BOE,development,1
1019,BOE,CH_BOE0101,BOE:CH_BOE0101,BOE,test,-1
1020,BOE,CH_BOE0102,BOE:CH_BOE0102,BOE,development,0
1021,BOE,CH_BOE0103,BOE:CH_BOE0103,BOE,test,-1
1022,BOE,CH_BOE0104,BOE:CH_BOE0104,BOE,development,0
1023,BOE,CH_BOE0105,BOE:CH_BOE0105,BOE,development,1
1024,BOE,CH_BOE0106,BOE:CH_BOE0106,BOE,development,0
1025,BOE,CH_BOE0108,BOE:CH_BOE0108,BOE,development,0
1026,BOE,CH_BOE0109,BOE:CH_BOE0109,BOE,development,1
1027,BOE,CH_BOE0110,BOE:CH_BOE0110,BOE,development,2
1028,BOE,CH_BOE0111,BOE:CH_BOE0111,BOE,development,1
1029,BOE,CH_BOE0112,BOE:CH_BOE0112,BOE,development,1
1030,BOE,CH_BOE0113,BOE:CH_BOE0113,BOE,development,2
1031,BOE,CH_BOE0114,BOE:CH_BOE0114,BOE,development,2
1032,BOE,CH_BOE0115,BOE:CH_BOE0115,BOE,development,0
1033,BOE,CH_BOE0116,BOE:CH_BOE0116,BOE,development,1
1034,BOE,CH_BOE0117,BOE:CH_BOE0117,BOE,development,1
1035,BOE,CH_BOE0118,BOE:CH_BOE0118,BOE,development,0
1036,BOE,CH_BOE0119,BOE:CH_BOE0119,BOE,development,2
1037,BOE,CH_BOE0120,BOE:CH_BOE0120,BOE,development,1
1038,BOE,CH_BOE0121,BOE:CH_BOE0121,BOE,development,0
1039,BOE,CH_BOE0122,BOE:CH_BOE0122,BOE,development,1
1040,BOE,CH_BOE0123,BOE:CH_BOE0123,BOE,development,2
1041,BOE,CH_BOE0124,BOE:CH_BOE0124,BOE,development,0
1042,BOE,CH_BOE0125,BOE:CH_BOE0125,BOE,development,1
1043,BOE,CH_BOE0126,BOE:CH_BOE0126,BOE,development,0
1044,BOE,CH_BOE0127,BOE:CH_BOE0127,BOE,development,0
1045,BOE,CH_BOE0128,BOE:CH_BOE0128,BOE,development,1
1046,BOE,CH_BOE0129,BOE:CH_BOE0129,BOE,test,-1
1047,BOE,CH_BOE0130,BOE:CH_BOE0130,BOE,development,0
1048,BOE,CH_BOE0131,BOE:CH_BOE0131,BOE,test,-1
1049,BOE,CH_BOE0132,BOE:CH_BOE0132,BOE,development,0
1050,BOE,CH_BOE0133,BOE:CH_BOE0133,BOE,development,0
1051,BOE,CH_BOE0134,BOE:CH_BOE0134,BOE,development,2
1052,BOE,CH_BOE0135,BOE:CH_BOE0135,BOE,development,0
1053,BOE,CH_BOE0136,BOE:CH_BOE0136,BOE,development,2
1054,BOE,CH_BOE0137,BOE:CH_BOE0137,BOE,development,0
1055,BOE,CH_BOE0138,BOE:CH_BOE0138,BOE,development,0
1056,BOE,CH_BOE0139,BOE:CH_BOE0139,BOE,development,2
1057,BOE,CH_BOE0140,BOE:CH_BOE0140,BOE,development,0
1058,BOE,CH_BOE0141,BOE:CH_BOE0141,BOE,development,2
1059,BOE,CH_BOE0142,BOE:CH_BOE0142,BOE,development,1
1060,BOE,CH_BOE0143,BOE:CH_BOE0143,BOE,test,-1
1061,BOE,CH_BOE0144,BOE:CH_BOE0144,BOE,test,-1
1062,BOE,CH_BOE0145,BOE:CH_BOE0145,BOE,development,2
1063,BOE,CH_BOE0146,BOE:CH_BOE0146,BOE,development,0
1064,BOE,CH_BOE0147,BOE:CH_BOE0147,BOE,development,1
1065,BOE,CH_BOE0148,BOE:CH_BOE0148,BOE,test,-1
1066,BOE,CH_BOE0149,BOE:CH_BOE0149,BOE,development,1
1067,BOE,CH_BOE0150,BOE:CH_BOE0150,BOE,development,0
1068,BOE,CH_BOE0151,BOE:CH_BOE0151,BOE,development,2
1069,BOE,CH_BOE0152,BOE:CH_BOE0152,BOE,test,-1
1070,BOE,CH_BOE0153,BOE:CH_BOE0153,BOE,test,-1
1071,BOE,CH_BOE0154,BOE:CH_BOE0154,BOE,development,2
1072,BOE,CH_BOE0155,BOE:CH_BOE0155,BOE,development,2
1073,BOE,CH_BOE0156,BOE:CH_BOE0156,BOE,development,1
1074,BOE,CH_BOE0157,BOE:CH_BOE0157,BOE,development,1
1075,BOE,CH_BOE0158,BOE:CH_BOE0158,BOE,development,0
1076,BOE,CH_BOE0159,BOE:CH_BOE0159,BOE,development,0
1077,BOE,CH_BOE0160,BOE:CH_BOE0160,BOE,development,1
1078,BOE,CH_BOE0161,BOE:CH_BOE0161,BOE,development,0
1079,BOE,CH_BOE0162,BOE:CH_BOE0162,BOE,development,0
1080,BOE,CH_BOE0163,BOE:CH_BOE0163,BOE,development,1
1081,BOE,CH_BOE0164,BOE:CH_BOE0164,BOE,development,0
1082,BOE,CH_BOE0165,BOE:CH_BOE0165,BOE,development,1
1083,BOE,CH_BOE0166,BOE:CH_BOE0166,BOE,development,2
1084,BOE,CH_BOE0167,BOE:CH_BOE0167,BOE,development,1
1085,BOE,CH_BOE0168,BOE:CH_BOE0168,BOE,development,2
1087,BOE,CH_BOE0170,BOE:CH_BOE0170,BOE,test,-1
1088,BOE,CH_BOE0171,BOE:CH_BOE0171,BOE,test,-1
1089,BOE,CH_BOE0172,BOE:CH_BOE0172,BOE,development,1
1090,BOE,CH_BOE0173,BOE:CH_BOE0173,BOE,development,2
1091,BOE,CH_BOE0174,BOE:CH_BOE0174,BOE,test,-1
1092,BOE,CH_BOE0175,BOE:CH_BOE0175,BOE,development,0
1093,BOE,CH_BOE0176,BOE:CH_BOE0176,BOE,development,2
1094,BOE,CH_BOE0177,BOE:CH_BOE0177,BOE,development,0
1095,BOE,CH_BOE0178,BOE:CH_BOE0178,BOE,test,-1
1096,BOE,CH_BOE0179,BOE:CH_BOE0179,BOE,test,-1
1097,BOE,CH_BOE0180,BOE:CH_BOE0180,BOE,development,0
1098,BOE,CH_BOE0181,BOE:CH_BOE0181,BOE,development,0
1099,BOE,CH_BOE0182,BOE:CH_BOE0182,BOE,development,0
1100,BOE,CH_BOE0183,BOE:CH_BOE0183,BOE,development,2
1101,BOE,CH_BOE0184,BOE:CH_BOE0184,BOE,development,2
1102,BOE,CH_BOE0185,BOE:CH_BOE0185,BOE,development,0
1103,BOE,CH_BOE0186,BOE:CH_BOE0186,BOE,development,1
1104,BOE,CH_BOE0187,BOE:CH_BOE0187,BOE,development,2
1105,BOE,CH_BOE0188,BOE:CH_BOE0188,BOE,development,2
1106,BOE,CH_BOE0189,BOE:CH_BOE0189,BOE,development,0
1107,BOE,CH_BOE0190,BOE:CH_BOE0190,BOE,development,2
1108,BOE,CH_BOE0191,BOE:CH_BOE0191,BOE,development,0
1109,BOE,CH_BOE0192,BOE:CH_BOE0192,BOE,development,2
1110,BOE,CH_BOE0193,BOE:CH_BOE0193,BOE,test,-1
1111,BOE,CH_BOE0194,BOE:CH_BOE0194,BOE,development,1
1112,BOE,CH_BOE0195,BOE:CH_BOE0195,BOE,development,0
1113,BOE,CH_BOE0196,BOE:CH_BOE0196,BOE,development,2
1114,BOE,CH_BOE0197,BOE:CH_BOE0197,BOE,development,0
1115,BOE,CH_BOE0198,BOE:CH_BOE0198,BOE,development,0
1116,BOE,CH_BOE0199,BOE:CH_BOE0199,BOE,development,2
1117,BOE,CH_BOE0200,BOE:CH_BOE0200,BOE,development,2
1118,BOE,CH_BOE0201,BOE:CH_BOE0201,BOE,development,1
1119,BOE,CH_BOE0202,BOE:CH_BOE0202,BOE,development,0
1120,BOE,CH_BOE0203,BOE:CH_BOE0203,BOE,test,-1
1121,BOE,CH_BOE0204,BOE:CH_BOE0204,BOE,development,1
1122,BOE,CH_BOE0205,BOE:CH_BOE0205,BOE,development,0
1123,BOE,CH_BOE0206,BOE:CH_BOE0206,BOE,test,-1
1124,BOE,CH_BOE0207,BOE:CH_BOE0207,BOE,development,0
1125,BOE,CH_BOE0208,BOE:CH_BOE0208,BOE,development,2
1126,BOE,CH_BOE0209,BOE:CH_BOE0209,BOE,development,2
1127,BOE,CH_BOE0210,BOE:CH_BOE0210,BOE,development,2
1128,BOE,CH_BOE0211,BOE:CH_BOE0211,BOE,development,2
1129,BOE,CH_BOE0212,BOE:CH_BOE0212,BOE,development,0
1130,BOE,CH_BOE0213,BOE:CH_BOE0213,BOE,test,-1
1131,BOE,CH_BOE0214,BOE:CH_BOE0214,BOE,development,1
1132,BOE,CH_BOE0215,BOE:CH_BOE0215,BOE,development,1
1133,BOE,CH_BOE0216,BOE:CH_BOE0216,BOE,test,-1
1134,BOE,CH_BOE0217,BOE:CH_BOE0217,BOE,development,1
1135,BOE,CH_BOE0218,BOE:CH_BOE0218,BOE,development,1
1136,BOE,CH_BOE0219,BOE:CH_BOE0219,BOE,development,0
1137,BOE,CH_BOE0220,BOE:CH_BOE0220,BOE,development,2
1138,BOE,CH_BOE0221,BOE:CH_BOE0221,BOE,development,0
1139,BOE,CH_BOE0222,BOE:CH_BOE0222,BOE,development,2
1140,BOE,CH_BOE0223,BOE:CH_BOE0223,BOE,development,0
1141,BOE,CH_BOE0224,BOE:CH_BOE0224,BOE,test,-1
1142,BOE,CH_BOE0225,BOE:CH_BOE0225,BOE,development,1
1143,BOE,CH_BOE0226,BOE:CH_BOE0226,BOE,development,0
1144,BOE,CH_BOE0227,BOE:CH_BOE0227,BOE,development,2
1145,BOE,CH_BOE0228,BOE:CH_BOE0228,BOE,development,2
1146,BOE,CH_BOE0229,BOE:CH_BOE0229,BOE,development,2
1147,BOE,CH_BOE0230,BOE:CH_BOE0230,BOE,development,1
1148,BOE,CH_BOE0231,BOE:CH_BOE0231,BOE,development,0
1149,BOE,CH_BOE0232,BOE:CH_BOE0232,BOE,development,0
1150,BOE,CH_BOE0233,BOE:CH_BOE0233,BOE,development,2
1151,BOE,CH_BOE0234,BOE:CH_BOE0234,BOE,test,-1
1152,BOE,CH_BOE0235,BOE:CH_BOE0235,BOE,development,2
1153,BOE,CH_BOE0236,BOE:CH_BOE0236,BOE,development,0
1154,BOE,CH_BOE0237,BOE:CH_BOE0237,BOE,development,1
1155,BOE,CH_BOE0238,BOE:CH_BOE0238,BOE,development,1
1156,BOE,CH_BOE0239,BOE:CH_BOE0239,BOE,development,1
1157,BOE,CH_BOE0240,BOE:CH_BOE0240,BOE,development,0
1158,BOE,CH_BOE0241,BOE:CH_BOE0241,BOE,development,1
1159,BOE,CH_BOE0242,BOE:CH_BOE0242,BOE,development,0
1160,BOE,CH_BOE0243,BOE:CH_BOE0243,BOE,development,2
1161,BOE,CH_BOE0244,BOE:CH_BOE0244,BOE,development,2
1162,BOE,CH_BOE0245,BOE:CH_BOE0245,BOE,development,1
1163,BOE,CH_BOE0246,BOE:CH_BOE0246,BOE,test,-1
1164,BOE,CH_BOE0247,BOE:CH_BOE0247,BOE,development,2
1165,BOE,CH_BOE0248,BOE:CH_BOE0248,BOE,development,0
1166,BOE,CH_BOE0249,BOE:CH_BOE0249,BOE,development,2
1167,BOE,CH_BOE0250,BOE:CH_BOE0250,BOE,development,1
1168,BOE,CH_BOE0251,BOE:CH_BOE0251,BOE,development,1
1169,BOE,CH_BOE0252,BOE:CH_BOE0252,BOE,development,2
1170,BOE,CH_BOE0253,BOE:CH_BOE0253,BOE,development,1
1171,BOE,CH_BOE0254,BOE:CH_BOE0254,BOE,development,0
1172,BOE,CH_BOE0255,BOE:CH_BOE0255,BOE,test,-1
1173,BOE,CH_BOE0256,BOE:CH_BOE0256,BOE,development,1
1174,BOE,CH_BOE0257,BOE:CH_BOE0257,BOE,test,-1
1175,BOE,CH_BOE0258,BOE:CH_BOE0258,BOE,development,1
1176,BOE,CH_BOE0259,BOE:CH_BOE0259,BOE,development,2
1177,BOE,CH_BOE0260,BOE:CH_BOE0260,BOE,development,2
1178,BOE,CH_BOE0261,BOE:CH_BOE0261,BOE,development,0
1179,BOE,CH_BOE0262,BOE:CH_BOE0262,BOE,development,2
1180,BOE,CH_BOE0263,BOE:CH_BOE0263,BOE,development,1
1181,BOE,CH_BOE0264,BOE:CH_BOE0264,BOE,development,0
1182,BOE,CH_BOE0265,BOE:CH_BOE0265,BOE,test,-1
1183,BOE,CH_BOE0266,BOE:CH_BOE0266,BOE,development,2
1184,BOE,CH_BOE0267,BOE:CH_BOE0267,BOE,development,1
1185,BOE,CH_BOE0268,BOE:CH_BOE0268,BOE,development,1
1186,BOE,CH_BOE0269,BOE:CH_BOE0269,BOE,development,0
1187,BOE,CH_BOE0270,BOE:CH_BOE0270,BOE,development,2
1188,BOE,NZ_BOE0293,BOE:NZ_BOE0293,BOE,development,1
1189,BOE,NZ_BOE0295,BOE:NZ_BOE0295,BOE,development,0
1190,BOE,NZ_BOE0297,BOE:NZ_BOE0297,BOE,development,2
1191,BOE,NZ_BOE0298,BOE:NZ_BOE0298,BOE,development,2
1192,BOE,NZ_BOE0299,BOE:NZ_BOE0299,BOE,development,1
1193,BOE,NZ_BOE0300,BOE:NZ_BOE0300,BOE,development,2
1194,BOE,NZ_BOE0301,BOE:NZ_BOE0301,BOE,development,1
1195,BOE,NZ_BOE0303,BOE:NZ_BOE0303,BOE,development,2
1196,BOE,NZ_BOE0304,BOE:NZ_BOE0304,BOE,development,2
1197,BOE,NZ_BOE0305,BOE:NZ_BOE0305,BOE,development,0
1198,BOE,NZ_BOE0306,BOE:NZ_BOE0306,BOE,development,2
1199,BOE,NZ_BOE0308,BOE:NZ_BOE0308,BOE,development,0
1200,BOE,NZ_BOE0310,BOE:NZ_BOE0310,BOE,test,-1
1201,BOE,NZ_BOE0311,BOE:NZ_BOE0311,BOE,test,-1
1202,BOE,TZ_BOE0312,BOE:TZ_BOE0312,BOE,development,1
1203,BOE,TZ_BOE0313,BOE:TZ_BOE0313,BOE,test,-1
1204,BOE,TZ_BOE0314,BOE:TZ_BOE0314,BOE,development,1
1205,BOE,TZ_BOE0315,BOE:TZ_BOE0315,BOE,development,1
1206,BOE,UG_BOE0013,BOE:UG_BOE0013,BOE,test,-1
1207,BOE,UG_BOE0014,BOE:UG_BOE0014,BOE,development,2
1208,BOE,UG_BOE0015,BOE:UG_BOE0015,BOE,development,0
1209,BOE,UG_BOE0016,BOE:UG_BOE0016,BOE,development,1
1210,BOE,UG_BOE0017,BOE:UG_BOE0017,BOE,development,0
1211,BOE,US_BOE0001,BOE:US_BOE0001,BOE,development,0
1212,BOE,US_BOE0002,BOE:US_BOE0002,BOE,test,-1
1213,BOE,US_BOE0003,BOE:US_BOE0003,BOE,development,1
1214,BOE,US_BOE0004,BOE:US_BOE0004,BOE,development,0
1215,BOE,US_BOE0005,BOE:US_BOE0005,BOE,development,2
1216,BOE,US_BOE0006,BOE:US_BOE0006,BOE,development,0
1217,BOE,US_BOE0007,BOE:US_BOE0007,BOE,test,-1
1218,BOE,US_BOE0008,BOE:US_BOE0008,BOE,development,1
1219,BOE,US_BOE0009,BOE:US_BOE0009,BOE,test,-1
1220,BOE,US_BOE0010,BOE:US_BOE0010,BOE,development,0
1221,BOE,US_BOE0011,BOE:US_BOE0011,BOE,development,0
1222,BOE,US_BOE0012,BOE:US_BOE0012,BOE,development,2
1223,BOE,US_BOE0271,BOE:US_BOE0271,BOE,development,2
1224,BOE,US_BOE0272,BOE:US_BOE0272,BOE,development,1
1225,BOE,US_BOE0273,BOE:US_BOE0273,BOE,development,0
1226,BOE,US_BOE0274,BOE:US_BOE0274,BOE,development,1
1227,BOE,US_BOE0275,BOE:US_BOE0275,BOE,development,1
1228,BOE,US_BOE0276,BOE:US_BOE0276,BOE,development,0
1229,BOE,US_BOE0277,BOE:US_BOE0277,BOE,development,0
1230,BOE,US_BOE0278,BOE:US_BOE0278,BOE,development,2
1231,BOE,US_BOE0279,BOE:US_BOE0279,BOE,development,2
1232,BOE,US_BOE0280,BOE:US_BOE0280,BOE,development,0
1233,BOE,US_BOE0281,BOE:US_BOE0281,BOE,development,1
1234,BOE,US_BOE0282,BOE:US_BOE0282,BOE,development,1
1235,BOE,US_BOE0283,BOE:US_BOE0283,BOE,development,1
1236,BOE,US_BOE0284,BOE:US_BOE0284,BOE,development,1
1237,BOE,US_BOE0285,BOE:US_BOE0285,BOE,development,1
1238,BOE,US_BOE0286,BOE:US_BOE0286,BOE,development,1
1239,BOE,US_BOE0287,BOE:US_BOE0287,BOE,development,0
1240,BOE,US_BOE0288,BOE:US_BOE0288,BOE,test,-1
1241,BOE,US_BOE0289,BOE:US_BOE0289,BOE,development,2
1242,BOE,US_BOE0290,BOE:US_BOE0290,BOE,development,2
1243,BOE,US_BOE0291,BOE:US_BOE0291,BOE,test,-1
1244,BOE,US_BOE0292,BOE:US_BOE0292,BOE,development,0
1245,BOE,ZW_BOE0316,BOE:ZW_BOE0316,BOE,development,0
1246,BOE,ZW_BOE0317,BOE:ZW_BOE0317,BOE,test,-1
1247,BOE,ZW_BOE0318,BOE:ZW_BOE0318,BOE,test,-1
1248,BOE,ZW_BOE0319,BOE:ZW_BOE0319,BOE,development,0
1249,BOE,ZW_BOE0320,BOE:ZW_BOE0320,BOE,development,2
1250,BOE,ZW_BOE0321,BOE:ZW_BOE0321,BOE,development,1
1251,BOE,ZW_BOE0322,BOE:ZW_BOE0322,BOE,development,2
1252,BOE,ZW_BOE0323,BOE:ZW_BOE0323,BOE,development,2
1253,BOE,ZW_BOE0324,BOE:ZW_BOE0324,BOE,test,-1
1254,BOE,ZW_BOE0325,BOE:ZW_BOE0325,BOE,development,2
1255,BOE,ZW_BOE0326,BOE:ZW_BOE0326,BOE,development,1
1256,BOE,ZW_BOE0327,BOE:ZW_BOE0327,BOE,development,1
1257,BOE,ZW_BOE0328,BOE:ZW_BOE0328,BOE,development,1
1258,BOE,ZW_BOE0329,BOE:ZW_BOE0329,BOE,development,2
1259,BOE,ZW_BOE0330,BOE:ZW_BOE0330,BOE,development,1
1260,BOE,ZW_BOE0331,BOE:ZW_BOE0331,BOE,development,0
1261,BOE,ZW_BOE0332,BOE:ZW_BOE0332,BOE,development,1
1262,BOE,ZW_BOE0333,BOE:ZW_BOE0333,BOE,development,1
1263,BOE,ZW_BOE0334,BOE:ZW_BOE0334,BOE,development,0
1264,BOE,ZW_BOE0335,BOE:ZW_BOE0335,BOE,test,-1
1265,BOE,ZW_BOE0336,BOE:ZW_BOE0336,BOE,development,0
1266,BOE,ZW_BOE0337,BOE:ZW_BOE0337,BOE,development,1
1267,BOE,ZW_BOE0338,BOE:ZW_BOE0338,BOE,test,-1
1268,BOE,ZW_BOE0339,BOE:ZW_BOE0339,BOE,development,1
1269,BOE,ZW_BOE0340,BOE:ZW_BOE0340,BOE,development,0
1277,BRI,PK_BRI0001,BRI:PK_BRI0001,BRI,development,2
1278,BRI,PK_BRI0002,BRI:PK_BRI0002,BRI,development,2
1279,BRI,PK_BRI0003,BRI:PK_BRI0003,BRI,development,2
1280,BRI,PK_BRI0004,BRI:PK_BRI0004,BRI,development,0
1281,BRI,PK_BRI0005,BRI:PK_BRI0005,BRI,development,0
1282,BRI,PK_BRI0006,BRI:PK_BRI0006,BRI,development,0
1283,BRI,PK_BRI0007,BRI:PK_BRI0007,BRI,development,1
1284,BRI,PK_BRI0008,BRI:PK_BRI0008,BRI,development,2
1285,BRI,PK_BRI0009,BRI:PK_BRI0009,BRI,development,1
1286,BRI,PK_BRI0010,BRI:PK_BRI0010,BRI,development,0
1287,BRI,PK_BRI0011,BRI:PK_BRI0011,BRI,development,2
1288,BRI,PK_BRI0012,BRI:PK_BRI0012,BRI,development,2
1289,BRI,PK_BRI0013,BRI:PK_BRI0013,BRI,development,1
1290,BRI,PK_BRI0014,BRI:PK_BRI0014,BRI,development,1
1291,BRI,PK_BRI0015,BRI:PK_BRI0015,BRI,development,0
1292,BRI,PK_BRI0016,BRI:PK_BRI0016,BRI,development,1
1294,BRI,PK_BRI0018,BRI:PK_BRI0018,BRI,test,-1
1295,BRI,PK_BRI0019,BRI:PK_BRI0019,BRI,development,0
1296,BRI,PK_BRI0020,BRI:PK_BRI0020,BRI,test,-1
1297,BRI,PK_BRI0021,BRI:PK_BRI0021,BRI,development,1
1299,BRI,PK_BRI0023,BRI:PK_BRI0023,BRI,test,-1
1300,BRI,PK_BRI0024,BRI:PK_BRI0024,BRI,development,1
1301,BRI,PK_BRI0025,BRI:PK_BRI0025,BRI,development,2
1302,BRI,PK_BRI0026,BRI:PK_BRI0026,BRI,development,1
1303,BRI,PK_BRI0027,BRI:PK_BRI0027,BRI,test,-1
1304,BRI,PK_BRI0028,BRI:PK_BRI0028,BRI,development,2
1305,BRI,PK_BRI0029,BRI:PK_BRI0029,BRI,development,0
1306,BRI,PK_BRI0030,BRI:PK_BRI0030,BRI,development,1
1307,BRI,PK_BRI0031,BRI:PK_BRI0031,BRI,development,0
1308,BRI,PK_BRI0032,BRI:PK_BRI0032,BRI,test,-1
1309,BRI,PK_BRI0033,BRI:PK_BRI0033,BRI,development,0
1310,BRI,PK_BRI0034,BRI:PK_BRI0034,BRI,development,0
1311,BRI,PK_BRI0035,BRI:PK_BRI0035,BRI,development,2
1312,BRK,EG_BRK0001,BRK:EG_BRK0001,BRK,development,2
1313,BRK,EG_BRK0002,BRK:EG_BRK0002,BRK,development,0
1314,BRK,EG_BRK0003,BRK:EG_BRK0003,BRK,development,1
1315,BRK,EG_BRK0004,BRK:EG_BRK0004,BRK,development,1
1316,BRK,EG_BRK0005,BRK:EG_BRK0005,BRK,development,1
1317,BRK,EG_BRK0006,BRK:EG_BRK0006,BRK,development,2
1318,BRK,EG_BRK0007,BRK:EG_BRK0007,BRK,development,1
1319,BRK,EG_BRK0008,BRK:EG_BRK0008,BRK,development,0
1320,BRK,EG_BRK0009,BRK:EG_BRK0009,BRK,development,0
1321,BRK,EG_BRK0010,BRK:EG_BRK0010,BRK,development,0
1322,BRK,EG_BRK0011,BRK:EG_BRK0011,BRK,test,-1
1323,BRK,EG_BRK0013,BRK:EG_BRK0013,BRK,development,0
1324,BRK,EG_BRK0014,BRK:EG_BRK0014,BRK,development,0
1325,BRK,EG_BRK0015,BRK:EG_BRK0015,BRK,development,2
1326,BRK,EG_BRK0016,BRK:EG_BRK0016,BRK,development,2
1327,BRK,EG_BRK0017,BRK:EG_BRK0017,BRK,development,2
1328,BRK,EG_BRK0018,BRK:EG_BRK0018,BRK,test,-1
1329,BRK,EG_BRK0019,BRK:EG_BRK0019,BRK,development,2
1330,BRK,EG_BRK0020,BRK:EG_BRK0020,BRK,development,2
1331,BRK,EG_BRK0021,BRK:EG_BRK0021,BRK,development,1
1332,BRK,EG_BRK0022,BRK:EG_BRK0022,BRK,test,-1
1333,BRK,EG_BRK0023,BRK:EG_BRK0023,BRK,development,2
1334,BRK,EG_BRK0024,BRK:EG_BRK0024,BRK,development,0
1335,BRK,EG_BRK0025,BRK:EG_BRK0025,BRK,development,2
1336,BRK,EG_BRK0026,BRK:EG_BRK0026,BRK,development,2
1337,BRK,EG_BRK0027,BRK:EG_BRK0027,BRK,development,2
1338,BRK,EG_BRK0028,BRK:EG_BRK0028,BRK,development,2
1339,BRK,EG_BRK0029,BRK:EG_BRK0029,BRK,development,1
1340,BRK,EG_BRK0030,BRK:EG_BRK0030,BRK,test,-1
1341,BRK,EG_BRK0031,BRK:EG_BRK0031,BRK,development,0
1342,BRK,EG_BRK0032,BRK:EG_BRK0032,BRK,development,1
1343,BRK,EG_BRK0033,BRK:EG_BRK0033,BRK,development,0
1344,BRK,EG_BRK0034,BRK:EG_BRK0034,BRK,development,1
1345,BRK,EG_BRK0035,BRK:EG_BRK0035,BRK,test,-1
1346,BRK,EG_BRK0036,BRK:EG_BRK0036,BRK,development,0
1347,BRK,EG_BRK0037,BRK:EG_BRK0037,BRK,development,2
1348,BRK,EG_BRK0038,BRK:EG_BRK0038,BRK,development,2
1349,BRK,EG_BRK0039,BRK:EG_BRK0039,BRK,development,1
1350,BRK,EG_BRK0040,BRK:EG_BRK0040,BRK,development,2
1351,BRK,EG_BRK0042,BRK:EG_BRK0042,BRK,test,-1
1352,BRK,EG_BRK0043,BRK:EG_BRK0043,BRK,development,0
1353,BRK,EG_BRK0044,BRK:EG_BRK0044,BRK,development,1
1355,BRK,EG_BRK0046,BRK:EG_BRK0046,BRK,development,2
1356,BRK,EG_BRK0047,BRK:EG_BRK0047,BRK,development,1
1357,BRK,EG_BRK0048,BRK:EG_BRK0048,BRK,development,0
1358,BRK,EG_BRK0049,BRK:EG_BRK0049,BRK,development,2
1359,BRK,EG_BRK0050,BRK:EG_BRK0050,BRK,development,2
1360,BRK,EG_BRK0051,BRK:EG_BRK0051,BRK,development,1
1361,BRK,EG_BRK0052,BRK:EG_BRK0052,BRK,development,1
1362,BRK,EG_BRK0053,BRK:EG_BRK0053,BRK,development,2
1363,BRK,EG_BRK0054,BRK:EG_BRK0054,BRK,development,2
1364,BRK,EG_BRK0055,BRK:EG_BRK0055,BRK,development,0
1365,BRK,EG_BRK0056,BRK:EG_BRK0056,BRK,development,1
1366,BRK,EG_BRK0057,BRK:EG_BRK0057,BRK,development,2
1367,BRK,EG_BRK0058,BRK:EG_BRK0058,BRK,development,1
1368,BRK,EG_BRK0059,BRK:EG_BRK0059,BRK,development,0
1369,BRK,EG_BRK0060,BRK:EG_BRK0060,BRK,development,2
1370,BRK,EG_BRK0061,BRK:EG_BRK0061,BRK,development,0
1371,BRK,EG_BRK0062,BRK:EG_BRK0062,BRK,development,0
1372,BRK,EG_BRK0063,BRK:EG_BRK0063,BRK,development,2
1373,BRK,EG_BRK0064,BRK:EG_BRK0064,BRK,development,1
1374,BRK,EG_BRK0065,BRK:EG_BRK0065,BRK,development,1
1375,BRK,EG_BRK0066,BRK:EG_BRK0066,BRK,test,-1
1376,BRK,EG_BRK0067,BRK:EG_BRK0067,BRK,development,0
1377,BRK,EG_BRK0068,BRK:EG_BRK0068,BRK,development,0
1378,BRK,EG_BRK0069,BRK:EG_BRK0069,BRK,development,2
1379,BRK,EG_BRK0070,BRK:EG_BRK0070,BRK,development,0
1380,BRK,EG_BRK0071,BRK:EG_BRK0071,BRK,development,1
1381,BRK,EG_BRK0072,BRK:EG_BRK0072,BRK,development,0
1382,BRK,EG_BRK0073,BRK:EG_BRK0073,BRK,development,1
1383,BRK,EG_BRK0074,BRK:EG_BRK0074,BRK,development,0
1384,BRK,EG_BRK0075,BRK:EG_BRK0075,BRK,test,-1
1385,BRK,EG_BRK0076,BRK:EG_BRK0076,BRK,development,1
1386,BRK,EG_BRK0077,BRK:EG_BRK0077,BRK,development,0
1387,BRK,EG_BRK0078,BRK:EG_BRK0078,BRK,development,2
1388,BRK,EG_BRK0079,BRK:EG_BRK0079,BRK,development,1
1389,BRK,EG_BRK0080,BRK:EG_BRK0080,BRK,development,0
1390,BRK,EG_BRK0081,BRK:EG_BRK0081,BRK,development,1
1391,BRK,EG_BRK0082,BRK:EG_BRK0082,BRK,development,1
1392,BRK,EG_BRK0083,BRK:EG_BRK0083,BRK,test,-1
1393,BRK,EG_BRK0084,BRK:EG_BRK0084,BRK,development,0
1394,BRK,EG_BRK0085,BRK:EG_BRK0085,BRK,test,-1
1395,BRK,EG_BRK0086,BRK:EG_BRK0086,BRK,development,0
1396,BRK,EG_BRK0087,BRK:EG_BRK0087,BRK,development,1
1397,BRK,EG_BRK0088,BRK:EG_BRK0088,BRK,development,0
1398,BRK,EG_BRK0089,BRK:EG_BRK0089,BRK,test,-1
1399,BRK,EG_BRK0090,BRK:EG_BRK0090,BRK,development,1
1400,BRK,EG_BRK0091,BRK:EG_BRK0091,BRK,test,-1
1401,BRK,EG_BRK0092,BRK:EG_BRK0092,BRK,development,2
1402,BRK,EG_BRK0093,BRK:EG_BRK0093,BRK,development,1
1403,BRK,EG_BRK0094,BRK:EG_BRK0094,BRK,development,1
1404,BRK,EG_BRK0095,BRK:EG_BRK0095,BRK,development,2
1405,BRK,EG_BRK0096,BRK:EG_BRK0096,BRK,development,0
1406,BRK,EG_BRK0097,BRK:EG_BRK0097,BRK,development,1
1407,BRK,EG_BRK0098,BRK:EG_BRK0098,BRK,test,-1
1408,BRK,EG_BRK0099,BRK:EG_BRK0099,BRK,development,0
1409,BRK,EG_BRK0100,BRK:EG_BRK0100,BRK,development,1
1410,BRK,EG_BRK0101,BRK:EG_BRK0101,BRK,test,-1
1411,BRK,EG_BRK0102,BRK:EG_BRK0102,BRK,development,1
1412,BRK,EG_BRK0103,BRK:EG_BRK0103,BRK,development,2
1413,BRK,EG_BRK0104,BRK:EG_BRK0104,BRK,test,-1
1414,BRK,EG_BRK0105,BRK:EG_BRK0105,BRK,test,-1
1415,BRK,EG_BRK0106,BRK:EG_BRK0106,BRK,development,1
1416,BRK,EG_BRK0107,BRK:EG_BRK0107,BRK,development,0
1417,BRK,EG_BRK0108,BRK:EG_BRK0108,BRK,development,0
1418,BRK,EG_BRK0109,BRK:EG_BRK0109,BRK,test,-1
1419,BRK,EG_BRK0110,BRK:EG_BRK0110,BRK,development,2
1420,BRK,EG_BRK0111,BRK:EG_BRK0111,BRK,development,0
1421,BRK,EG_BRK0112,BRK:EG_BRK0112,BRK,test,-1
1422,BRK,EG_BRK0113,BRK:EG_BRK0113,BRK,development,1
1423,BRK,EG_BRK0114,BRK:EG_BRK0114,BRK,development,0
1424,BRK,EG_BRK0115,BRK:EG_BRK0115,BRK,development,1
1425,BRK,EG_BRK0116,BRK:EG_BRK0116,BRK,development,2
1426,BRK,EG_BRK0117,BRK:EG_BRK0117,BRK,test,-1
1427,BRK,EG_BRK0118,BRK:EG_BRK0118,BRK,development,2
1428,BRK,EG_BRK0119,BRK:EG_BRK0119,BRK,development,0
1429,BRK,EG_BRK0120,BRK:EG_BRK0120,BRK,development,2
1430,BRK,EG_BRK0121,BRK:EG_BRK0121,BRK,development,0
1431,BRK,EG_BRK0122,BRK:EG_BRK0122,BRK,development,1
1432,BRK,EG_BRK0123,BRK:EG_BRK0123,BRK,development,2
1433,BRK,EG_BRK0124,BRK:EG_BRK0124,BRK,development,2
1434,BRK,EG_BRK0125,BRK:EG_BRK0125,BRK,development,2
1435,BRK,EG_BRK0126,BRK:EG_BRK0126,BRK,development,0
1436,BRK,EG_BRK0127,BRK:EG_BRK0127,BRK,development,1
1437,BRK,EG_BRK0128,BRK:EG_BRK0128,BRK,development,1
1438,BRK,EG_BRK0129,BRK:EG_BRK0129,BRK,development,1
1439,BRK,EG_BRK0130,BRK:EG_BRK0130,BRK,development,0
1440,BRK,EG_BRK0131,BRK:EG_BRK0131,BRK,development,2
1441,BRK,EG_BRK0132,BRK:EG_BRK0132,BRK,development,2
1442,BRK,EG_BRK0133,BRK:EG_BRK0133,BRK,test,-1
1443,BRK,EG_BRK0134,BRK:EG_BRK0134,BRK,development,1
1444,BRK,EG_BRK0135,BRK:EG_BRK0135,BRK,development,0
1445,BRK,EG_BRK0136,BRK:EG_BRK0136,BRK,development,2
1446,BRK,EG_BRK0137,BRK:EG_BRK0137,BRK,development,0
1465,BUR,BI_BUR0001,BUR:BI_BUR0001,BUR,development,2
1466,BUR,BI_BUR0002,BUR:BI_BUR0002,BUR,development,1
1467,BUR,BI_BUR0003,BUR:BI_BUR0003,BUR,development,1
1468,BUR,BI_BUR0004,BUR:BI_BUR0004,BUR,development,1
1469,BUR,BI_BUR0005,BUR:BI_BUR0005,BUR,test,-1
1470,BUR,BI_BUR0006,BUR:BI_BUR0006,BUR,development,0
1471,BUR,BI_BUR0007,BUR:BI_BUR0007,BUR,test,-1
1472,BUR,BI_BUR0008,BUR:BI_BUR0008,BUR,development,0
1473,BUR,BI_BUR0009,BUR:BI_BUR0009,BUR,development,1
1474,BUR,BI_BUR0010,BUR:BI_BUR0010,BUR,development,2
1475,BUR,BI_BUR0011,BUR:BI_BUR0011,BUR,development,0
1476,BUR,BI_BUR0012,BUR:BI_BUR0012,BUR,development,0
1477,BUR,BI_BUR0013,BUR:BI_BUR0013,BUR,development,2
1478,BUR,BI_BUR0014,BUR:BI_BUR0014,BUR,development,1
1479,BUR,BI_BUR0015,BUR:BI_BUR0015,BUR,test,-1
1480,BUR,BI_BUR0016,BUR:BI_BUR0016,BUR,development,2
1481,BUR,BI_BUR0017,BUR:BI_BUR0017,BUR,development,0
1482,BUR,BI_BUR0018,BUR:BI_BUR0018,BUR,development,2
1483,BUR,BI_BUR0019,BUR:BI_BUR0019,BUR,development,2
1484,BUR,BI_BUR0020,BUR:BI_BUR0020,BUR,development,2
1485,BUR,BI_BUR0021,BUR:BI_BUR0021,BUR,development,0
1486,BUR,BI_BUR0022,BUR:BI_BUR0022,BUR,development,2
1487,BUR,BI_BUR0023,BUR:BI_BUR0023,BUR,development,2
1488,BUR,BI_BUR0024,BUR:BI_BUR0024,BUR,development,0
1489,BUR,BI_BUR0025,BUR:BI_BUR0025,BUR,development,1
1490,BUR,BI_BUR0026,BUR:BI_BUR0026,BUR,development,2
1491,BUR,BI_BUR0027,BUR:BI_BUR0027,BUR,test,-1
1492,BUR,BI_BUR0028,BUR:BI_BUR0028,BUR,development,0
1493,BUR,BI_BUR0029,BUR:BI_BUR0029,BUR,test,-1
1494,BUR,BI_BUR0030,BUR:BI_BUR0030,BUR,development,0
1495,BUR,BI_BUR0031,BUR:BI_BUR0031,BUR,development,0
1496,BUR,BI_BUR0032,BUR:BI_BUR0032,BUR,development,1
1497,BUR,BI_BUR0033,BUR:BI_BUR0033,BUR,test,-1
1498,BUR,BI_BUR0034,BUR:BI_BUR0034,BUR,development,0
1499,BUR,BI_BUR0035,BUR:BI_BUR0035,BUR,development,1
1500,BUR,BI_BUR0036,BUR:BI_BUR0036,BUR,development,1
1501,BUR,BI_BUR0037,BUR:BI_BUR0037,BUR,development,1
1502,BUR,BI_BUR0038,BUR:BI_BUR0038,BUR,test,-1
1503,BUR,BI_BUR0039,BUR:BI_BUR0039,BUR,development,0
1504,BUR,BI_BUR0040,BUR:BI_BUR0040,BUR,development,2
1505,BUR,BI_BUR0041,BUR:BI_BUR0041,BUR,development,1
1506,BUR,BI_BUR0042,BUR:BI_BUR0042,BUR,development,2
1508,BUR,BI_BUR0044,BUR:BI_BUR0044,BUR,development,2
1509,BUR,BI_BUR0045,BUR:BI_BUR0045,BUR,development,2
1510,BUR,BI_BUR0046,BUR:BI_BUR0046,BUR,development,0
1511,BUR,BI_BUR0047,BUR:BI_BUR0047,BUR,development,1
1512,BUR,BI_BUR0048,BUR:BI_BUR0048,BUR,development,1
1513,BUR,BI_BUR0049,BUR:BI_BUR0049,BUR,development,1
1514,BUR,BI_BUR0050,BUR:BI_BUR0050,BUR,development,0
1515,BUR,BI_BUR0051,BUR:BI_BUR0051,BUR,development,2
1516,BUR,BI_BUR0052,BUR:BI_BUR0052,BUR,development,2
1517,BUR,BI_BUR0053,BUR:BI_BUR0053,BUR,development,0
1518,BUR,BI_BUR0054,BUR:BI_BUR0054,BUR,development,1
1519,BUR,BI_BUR0055,BUR:BI_BUR0055,BUR,development,0
1520,BUR,BI_BUR0056,BUR:BI_BUR0056,BUR,development,2
1521,BUR,BI_BUR0057,BUR:BI_BUR0057,BUR,development,0
1523,BUR,BI_BUR0059,BUR:BI_BUR0059,BUR,test,-1
1524,BUR,BI_BUR0060,BUR:BI_BUR0060,BUR,development,2
1525,BUR,BI_BUR0061,BUR:BI_BUR0061,BUR,test,-1
1526,BUR,BI_BUR0062,BUR:BI_BUR0062,BUR,development,0
1527,BUR,BI_BUR0063,BUR:BI_BUR0063,BUR,development,2
1528,BUR,BI_BUR0064,BUR:BI_BUR0064,BUR,development,1
1529,BUR,BI_BUR0065,BUR:BI_BUR0065,BUR,development,1
1530,BUR,BI_BUR0066,BUR:BI_BUR0066,BUR,development,1
1531,BUR,BI_BUR0067,BUR:BI_BUR0067,BUR,development,2
1532,BUR,BI_BUR0068,BUR:BI_BUR0068,BUR,development,1
1533,BUR,BI_BUR0069,BUR:BI_BUR0069,BUR,test,-1
1534,BUR,BI_BUR0070,BUR:BI_BUR0070,BUR,development,1
1535,BUR,BI_BUR0071,BUR:BI_BUR0071,BUR,development,0
1536,BUR,BI_BUR0072,BUR:BI_BUR0072,BUR,development,0
1537,BUT,PK_BUT0001,BUT:PK_BUT0001,BUT,development,0
1538,BUT,PK_BUT0002,BUT:PK_BUT0002,BUT,development,1
1539,BUT,PK_BUT0003,BUT:PK_BUT0003,BUT,development,0
1540,BUT,PK_BUT0004,BUT:PK_BUT0004,BUT,development,1
1541,BUT,PK_BUT0005,BUT:PK_BUT0005,BUT,development,1
1542,BUT,PK_BUT0006,BUT:PK_BUT0006,BUT,development,1
1543,BUT,PK_BUT0007,BUT:PK_BUT0007,BUT,development,2
1544,BUT,PK_BUT0008,BUT:PK_BUT0008,BUT,development,2
1545,BUT,PK_BUT0009,BUT:PK_BUT0009,BUT,development,1
1546,BUT,PK_BUT0010,BUT:PK_BUT0010,BUT,test,-1
1547,BUT,PK_BUT0011,BUT:PK_BUT0011,BUT,development,2
1548,BUT,PK_BUT0012,BUT:PK_BUT0012,BUT,development,2
1549,BUT,PK_BUT0013,BUT:PK_BUT0013,BUT,development,1
1550,BUT,PK_BUT0014,BUT:PK_BUT0014,BUT,test,-1
1551,BUT,PK_BUT0015,BUT:PK_BUT0015,BUT,development,2
1552,BUT,PK_BUT0016,BUT:PK_BUT0016,BUT,development,1
1553,BUT,PK_BUT0017,BUT:PK_BUT0017,BUT,development,1
1554,BUT,PK_BUT0018,BUT:PK_BUT0018,BUT,development,0
1555,BUT,PK_BUT0019,BUT:PK_BUT0019,BUT,development,1
1556,BUT,PK_BUT0020,BUT:PK_BUT0020,BUT,development,2
1557,BUT,PK_BUT0021,BUT:PK_BUT0021,BUT,test,-1
1558,BUT,PK_BUT0022,BUT:PK_BUT0022,BUT,test,-1
1559,BUT,PK_BUT0023,BUT:PK_BUT0023,BUT,development,0
1560,BUT,PK_BUT0024,BUT:PK_BUT0024,BUT,development,2
1561,BUT,PK_BUT0025,BUT:PK_BUT0025,BUT,development,1
1562,BUT,PK_BUT0026,BUT:PK_BUT0026,BUT,test,-1
1563,BUT,PK_BUT0027,BUT:PK_BUT0027,BUT,development,0
1564,BUT,PK_BUT0028,BUT:PK_BUT0028,BUT,development,2
1565,BUT,PK_BUT0029,BUT:PK_BUT0029,BUT,development,0
1566,BUT,PK_BUT0030,BUT:PK_BUT0030,BUT,development,0
1567,BUT,PK_BUT0031,BUT:PK_BUT0031,BUT,development,2
1568,BUT,PK_BUT0032,BUT:PK_BUT0032,BUT,development,2
1569,BUT,PK_BUT0033,BUT:PK_BUT0033,BUT,development,0
1570,BUT,PK_BUT0034,BUT:PK_BUT0034,BUT,development,2
1571,BUT,PK_BUT0035,BUT:PK_BUT0035,BUT,test,-1
1572,BUT,PK_BUT0036,BUT:PK_BUT0036,BUT,development,1
1573,BUT,PK_BUT0037,BUT:PK_BUT0037,BUT,development,1
1574,BUT,PK_BUT0038,BUT:PK_BUT0038,BUT,development,0
1575,BUT,PK_BUT0039,BUT:PK_BUT0039,BUT,development,0
1576,BUT,PK_BUT0040,BUT:PK_BUT0040,BUT,development,0
1577,CAM,CM_CAM0001,CAM:CM_CAM0001,CAM,development,2
1578,CAM,CM_CAM0002,CAM:CM_CAM0002,CAM,development,0
1579,CAM,CM_CAM0003,CAM:CM_CAM0003,CAM,development,1
1580,CAM,CM_CAM0004,CAM:CM_CAM0004,CAM,development,1
1581,CAM,CM_CAM0005,CAM:CM_CAM0005,CAM,development,0
1582,CAM,CM_CAM0006,CAM:CM_CAM0006,CAM,development,2
1583,CAM,CM_CAM0007,CAM:CM_CAM0007,CAM,test,-1
1584,CAM,CM_CAM0008,CAM:CM_CAM0008,CAM,development,1
1585,CAM,CM_CAM0009,CAM:CM_CAM0009,CAM,development,0
1586,CAM,CM_CAM0010,CAM:CM_CAM0010,CAM,test,-1
1587,CAM,CM_CAM0011,CAM:CM_CAM0011,CAM,development,2
1588,CAM,CM_CAM0012,CAM:CM_CAM0012,CAM,development,1
1589,CAM,CM_CAM0013,CAM:CM_CAM0013,CAM,development,1
1590,CAM,CM_CAM0014,CAM:CM_CAM0014,CAM,development,2
1591,CAM,CM_CAM0015,CAM:CM_CAM0015,CAM,development,1
1592,CAM,CM_CAM0016,CAM:CM_CAM0016,CAM,development,1
1593,CAM,CM_CAM0017,CAM:CM_CAM0017,CAM,development,1
1594,CAM,CM_CAM0018,CAM:CM_CAM0018,CAM,development,0
1595,CAM,CM_CAM0019,CAM:CM_CAM0019,CAM,development,2
1596,CAM,CM_CAM0020,CAM:CM_CAM0020,CAM,development,2
1597,CAM,CM_CAM0021,CAM:CM_CAM0021,CAM,development,0
1598,CAM,CM_CAM0022,CAM:CM_CAM0022,CAM,test,-1
1599,CAM,CM_CAM0023,CAM:CM_CAM0023,CAM,test,-1
1600,CAM,CM_CAM0024,CAM:CM_CAM0024,CAM,test,-1
1601,CAM,CM_CAM0025,CAM:CM_CAM0025,CAM,development,0
1602,CAM,CM_CAM0026,CAM:CM_CAM0026,CAM,development,0
1603,CAM,CM_CAM0027,CAM:CM_CAM0027,CAM,development,2
1604,CAM,CM_CAM0028,CAM:CM_CAM0028,CAM,development,1
1605,CAM,CM_CAM0029,CAM:CM_CAM0029,CAM,development,0
1606,CAM,CM_CAM0030,CAM:CM_CAM0030,CAM,development,0
1607,CAM,CM_CAM0031,CAM:CM_CAM0031,CAM,development,2
1608,CAM,CM_CAM0032,CAM:CM_CAM0032,CAM,development,2
1609,CAM,CM_CAM0033,CAM:CM_CAM0033,CAM,development,0
1610,CAM,CM_CAM0034,CAM:CM_CAM0034,CAM,development,2
1611,CAM,CM_CAM0035,CAM:CM_CAM0035,CAM,development,1
1612,CAM,CM_CAM0036,CAM:CM_CAM0036,CAM,development,2
1613,CAM,CM_CAM0037,CAM:CM_CAM0037,CAM,development,2
1614,CAM,CM_CAM0038,CAM:CM_CAM0038,CAM,test,-1
1615,CAM,CM_CAM0039,CAM:CM_CAM0039,CAM,development,0
1616,CAM,CM_CAM0040,CAM:CM_CAM0040,CAM,development,1
1617,CAN,BR_CAN0001,CAN:BR_CAN0001,CAN,development,0
1618,CAN,BR_CAN0002,CAN:BR_CAN0002,CAN,development,1
1619,CAN,BR_CAN0003,CAN:BR_CAN0003,CAN,development,1
1620,CAN,BR_CAN0004,CAN:BR_CAN0004,CAN,development,2
1621,CAN,BR_CAN0005,CAN:BR_CAN0005,CAN,development,0
1622,CAN,BR_CAN0006,CAN:BR_CAN0006,CAN,development,2
1623,CAN,BR_CAN0007,CAN:BR_CAN0007,CAN,development,1
1624,CAN,BR_CAN0008,CAN:BR_CAN0008,CAN,development,1
1625,CAN,BR_CAN0009,CAN:BR_CAN0009,CAN,development,0
1626,CAN,BR_CAN0010,CAN:BR_CAN0010,CAN,development,0
1627,CAN,BR_CAN0011,CAN:BR_CAN0011,CAN,test,-1
1628,CAN,BR_CAN0012,CAN:BR_CAN0012,CAN,development,2
1629,CAN,BR_CAN0013,CAN:BR_CAN0013,CAN,development,1
1630,CAN,BR_CAN0014,CAN:BR_CAN0014,CAN,development,2
1631,CAN,BR_CAN0015,CAN:BR_CAN0015,CAN,development,2
1632,CAN,BR_CAN0016,CAN:BR_CAN0016,CAN,test,-1
1633,CAN,BR_CAN0017,CAN:BR_CAN0017,CAN,development,0
1634,CAN,BR_CAN0018,CAN:BR_CAN0018,CAN,development,0
1635,CAN,BR_CAN0019,CAN:BR_CAN0019,CAN,development,1
1636,CAN,BR_CAN0020,CAN:BR_CAN0020,CAN,development,2
1637,CAN,BR_CAN0021,CAN:BR_CAN0021,CAN,test,-1
1638,CAN,BR_CAN0022,CAN:BR_CAN0022,CAN,development,2
1639,CAN,BR_CAN0023,CAN:BR_CAN0023,CAN,development,1
1640,CAN,BR_CAN0024,CAN:BR_CAN0024,CAN,test,-1
1641,CAN,BR_CAN0025,CAN:BR_CAN0025,CAN,development,2
1642,CAN,BR_CAN0026,CAN:BR_CAN0026,CAN,development,0
1643,CAN,BR_CAN0027,CAN:BR_CAN0027,CAN,development,1
1644,CAN,BR_CAN0028,CAN:BR_CAN0028,CAN,test,-1
1645,CAN,BR_CAN0029,CAN:BR_CAN0029,CAN,development,1
1646,CAN,BR_CAN0030,CAN:BR_CAN0030,CAN,development,0
1647,CAN,BR_CAN0031,CAN:BR_CAN0031,CAN,development,0
1648,CAS,AU_CAS0001,CAS:AU_CAS0001,CAS,development,1
1649,CAS,AU_CAS0002,CAS:AU_CAS0002,CAS,development,0
1650,CAS,AU_CAS0003,CAS:AU_CAS0003,CAS,development,0
1651,CAS,AU_CAS0004,CAS:AU_CAS0004,CAS,development,0
1652,CAS,AU_CAS0005,CAS:AU_CAS0005,CAS,development,0
1653,CAS,AU_CAS0006,CAS:AU_CAS0006,CAS,development,1
1654,CAS,AU_CAS0007,CAS:AU_CAS0007,CAS,development,2
1655,CAS,AU_CAS0008,CAS:AU_CAS0008,CAS,test,-1
1656,CAS,AU_CAS0009,CAS:AU_CAS0009,CAS,development,0
1657,CAS,AU_CAS0010,CAS:AU_CAS0010,CAS,development,2
1658,CAS,AU_CAS0011,CAS:AU_CAS0011,CAS,development,1
1659,CAS,AU_CAS0012,CAS:AU_CAS0012,CAS,test,-1
1660,CAS,AU_CAS0013,CAS:AU_CAS0013,CAS,development,1
1661,CAS,AU_CAS0014,CAS:AU_CAS0014,CAS,development,0
1662,CAS,AU_CAS0015,CAS:AU_CAS0015,CAS,test,-1
1663,CAS,AU_CAS0016,CAS:AU_CAS0016,CAS,test,-1
1664,CAS,AU_CAS0017,CAS:AU_CAS0017,CAS,development,2
1665,CAS,AU_CAS0018,CAS:AU_CAS0018,CAS,development,2
1666,CAS,AU_CAS0019,CAS:AU_CAS0019,CAS,development,2
1667,CAS,AU_CAS0020,CAS:AU_CAS0020,CAS,development,1
1668,CAS,AU_CAS0021,CAS:AU_CAS0021,CAS,development,2
1669,CAS,AU_CAS0022,CAS:AU_CAS0022,CAS,development,2
1670,CAS,AU_CAS0023,CAS:AU_CAS0023,CAS,development,0
1671,CAS,AU_CAS0024,CAS:AU_CAS0024,CAS,development,0
1672,CAS,AU_CAS0025,CAS:AU_CAS0025,CAS,test,-1
1673,CAS,AU_CAS0026,CAS:AU_CAS0026,CAS,development,1
1674,CAS,AU_CAS0027,CAS:AU_CAS0027,CAS,development,2
1675,CAS,AU_CAS0028,CAS:AU_CAS0028,CAS,development,1
1676,CAS,AU_CAS0029,CAS:AU_CAS0029,CAS,development,1
1677,CAS,AU_CAS0030,CAS:AU_CAS0030,CAS,development,0
1678,CAS,AU_CAS0031,CAS:AU_CAS0031,CAS,development,2
1679,CAS,AU_CAS0032,CAS:AU_CAS0032,CAS,development,1
1680,CAS,AU_CAS0033,CAS:AU_CAS0033,CAS,development,2
1681,CAS,AU_CAS0034,CAS:AU_CAS0034,CAS,development,2
1682,CAS,AU_CAS0035,CAS:AU_CAS0035,CAS,test,-1
1683,CAS,AU_CAS0036,CAS:AU_CAS0036,CAS,development,1
1684,CAS,AU_CAS0037,CAS:AU_CAS0037,CAS,development,1
1685,CAS,AU_CAS0038,CAS:AU_CAS0038,CAS,development,0
1686,CAS,AU_CAS0039,CAS:AU_CAS0039,CAS,development,0
1687,CAS,AU_CAS0040,CAS:AU_CAS0040,CAS,development,0
1688,CAS,AU_CAS0041,CAS:AU_CAS0041,CAS,development,2
1689,CAS,AU_CAS0042,CAS:AU_CAS0042,CAS,development,1
1690,CAS,AU_CAS0043,CAS:AU_CAS0043,CAS,development,2
1691,CAS,AU_CAS0044,CAS:AU_CAS0044,CAS,test,-1
1692,CAS,AU_CAS0045,CAS:AU_CAS0045,CAS,development,1
1693,CAS,AU_CAS0046,CAS:AU_CAS0046,CAS,development,0
1694,CAS,AU_CAS0047,CAS:AU_CAS0047,CAS,development,2
1695,CAS,AU_CAS0048,CAS:AU_CAS0048,CAS,development,0
1725,CRE,AR_CRE0001,CRE:AR_CRE0001,CRE,development,0
1726,CRE,AR_CRE0002,CRE:AR_CRE0002,CRE,development,1
1727,CRE,AR_CRE0003,CRE:AR_CRE0003,CRE,development,1
1728,CRE,AR_CRE0004,CRE:AR_CRE0004,CRE,development,1
1729,CRE,AR_CRE0005,CRE:AR_CRE0005,CRE,development,1
1730,CRE,AR_CRE0006,CRE:AR_CRE0006,CRE,development,2
1731,CRE,AR_CRE0007,CRE:AR_CRE0007,CRE,development,0
1732,CRE,AR_CRE0008,CRE:AR_CRE0008,CRE,development,1
1734,CRE,AR_CRE0010,CRE:AR_CRE0010,CRE,development,0
1735,CRE,AR_CRE0011,CRE:AR_CRE0011,CRE,development,0
1736,CRE,AR_CRE0012,CRE:AR_CRE0012,CRE,development,1
1737,CRE,AR_CRE0013,CRE:AR_CRE0013,CRE,development,1
1738,CRE,AR_CRE0014,CRE:AR_CRE0014,CRE,development,1
1739,CRE,AR_CRE0015,CRE:AR_CRE0015,CRE,development,0
1740,CRE,AR_CRE0016,CRE:AR_CRE0016,CRE,development,2
1741,CRE,AR_CRE0017,CRE:AR_CRE0017,CRE,development,0
1742,CRE,AR_CRE0018,CRE:AR_CRE0018,CRE,development,0
1743,CRE,AR_CRE0019,CRE:AR_CRE0019,CRE,development,1
1745,CRE,AR_CRE0021,CRE:AR_CRE0021,CRE,development,2
1746,CRE,AR_CRE0022,CRE:AR_CRE0022,CRE,test,-1
1747,CRE,AR_CRE0023,CRE:AR_CRE0023,CRE,test,-1
1748,CRE,AR_CRE0024,CRE:AR_CRE0024,CRE,development,0
1749,CRE,AR_CRE0025,CRE:AR_CRE0025,CRE,development,0
1750,CRE,AR_CRE0026,CRE:AR_CRE0026,CRE,development,1
1751,CRE,AR_CRE0028,CRE:AR_CRE0028,CRE,test,-1
1752,CRE,AR_CRE0029,CRE:AR_CRE0029,CRE,development,0
1753,CRE,AR_CRE0030,CRE:AR_CRE0030,CRE,development,2
1754,CRE,AR_CRE0031,CRE:AR_CRE0031,CRE,development,0
1755,CRE,AR_CRE0032,CRE:AR_CRE0032,CRE,development,2
1756,CRE,AR_CRE0033,CRE:AR_CRE0033,CRE,development,1
1757,CRE,AR_CRE0034,CRE:AR_CRE0034,CRE,development,2
1758,CRE,AR_CRE0035,CRE:AR_CRE0035,CRE,development,0
1759,CRE,AR_CRE0036,CRE:AR_CRE0036,CRE,development,1
1760,CRE,AR_CRE0037,CRE:AR_CRE0037,CRE,development,2
1761,CRE,AR_CRE0038,CRE:AR_CRE0038,CRE,development,1
1762,CRE,AR_CRE0039,CRE:AR_CRE0039,CRE,development,0
1763,CRE,AR_CRE0040,CRE:AR_CRE0040,CRE,development,2
1764,CRE,AR_CRE0042,CRE:AR_CRE0042,CRE,test,-1
1765,CRE,AR_CRE0043,CRE:AR_CRE0043,CRE,development,2
1766,CRE,AR_CRE0044,CRE:AR_CRE0044,CRE,development,1
1767,CRE,AR_CRE0045,CRE:AR_CRE0045,CRE,development,1
1768,CRE,AR_CRE0046,CRE:AR_CRE0046,CRE,development,0
1769,CRE,AR_CRE0047,CRE:AR_CRE0047,CRE,development,1
1770,CRE,AR_CRE0048,CRE:AR_CRE0048,CRE,test,-1
1771,CRE,AR_CRE0050,CRE:AR_CRE0050,CRE,development,1
1772,CRE,AR_CRE0051,CRE:AR_CRE0051,CRE,development,2
1773,CRE,AR_CRE0053,CRE:AR_CRE0053,CRE,development,2
1774,CRE,AR_CRE0055,CRE:AR_CRE0055,CRE,test,-1
1775,CRE,AR_CRE0057,CRE:AR_CRE0057,CRE,development,0
1776,CRE,AR_CRE0058,CRE:AR_CRE0058,CRE,development,0
1777,CRE,AR_CRE0059,CRE:AR_CRE0059,CRE,development,2
1778,CRE,AR_CRE0060,CRE:AR_CRE0060,CRE,development,0
1779,CRE,AR_CRE0061,CRE:AR_CRE0061,CRE,development,1
1780,CRE,AR_CRE0062,CRE:AR_CRE0062,CRE,development,0
1781,CRE,AR_CRE0063,CRE:AR_CRE0063,CRE,development,1
1782,CRE,AR_CRE0064,CRE:AR_CRE0064,CRE,development,0
1783,CRE,AR_CRE0065,CRE:AR_CRE0065,CRE,development,2
1784,CRE,AR_CRE0066,CRE:AR_CRE0066,CRE,development,2
1785,CRE,AR_CRE0067,CRE:AR_CRE0067,CRE,development,1
1786,CRE,AR_CRE0068,CRE:AR_CRE0068,CRE,development,1
1787,CRE,AR_CRE0069,CRE:AR_CRE0069,CRE,development,2
1788,CRE,AR_CRE0070,CRE:AR_CRE0070,CRE,development,0
1789,CRE,AR_CRE0071,CRE:AR_CRE0071,CRE,development,1
1790,CRE,AR_CRE0072,CRE:AR_CRE0072,CRE,development,1
1791,CRE,AR_CRE0073,CRE:AR_CRE0073,CRE,test,-1
1792,CRE,AR_CRE0074,CRE:AR_CRE0074,CRE,development,2
1793,CRE,AR_CRE0075,CRE:AR_CRE0075,CRE,development,2
1794,CRE,AR_CRE0076,CRE:AR_CRE0076,CRE,development,0
1795,CRE,AR_CRE0077,CRE:AR_CRE0077,CRE,test,-1
1796,CRE,AR_CRE0078,CRE:AR_CRE0078,CRE,development,0
1797,CRE,AR_CRE0079,CRE:AR_CRE0079,CRE,test,-1
1798,CRE,AR_CRE0080,CRE:AR_CRE0080,CRE,development,0
1799,CRE,AR_CRE0081,CRE:AR_CRE0081,CRE,development,0
1800,CRE,AR_CRE0082,CRE:AR_CRE0082,CRE,development,0
1801,CRE,AR_CRE0083,CRE:AR_CRE0083,CRE,development,2
1802,CRE,AR_CRE0084,CRE:AR_CRE0084,CRE,development,0
1803,CRE,AR_CRE0085,CRE:AR_CRE0085,CRE,development,1
1804,CRE,AR_CRE0086,CRE:AR_CRE0086,CRE,development,2
1805,CRE,AR_CRE0087,CRE:AR_CRE0087,CRE,test,-1
1806,CRE,AR_CRE0088,CRE:AR_CRE0088,CRE,development,0
1807,CRE,AR_CRE0089,CRE:AR_CRE0089,CRE,development,1
1808,CRE,AR_CRE0090,CRE:AR_CRE0090,CRE,development,2
1809,CRE,AR_CRE0091,CRE:AR_CRE0091,CRE,test,-1
1810,CRE,AR_CRE0092,CRE:AR_CRE0092,CRE,development,0
1811,CRE,AR_CRE0093,CRE:AR_CRE0093,CRE,test,-1
1812,CRE,AR_CRE0094,CRE:AR_CRE0094,CRE,development,0
1813,CRE,AR_CRE0095,CRE:AR_CRE0095,CRE,test,-1
1814,CRE,AR_CRE0096,CRE:AR_CRE0096,CRE,development,1
1815,CRE,AR_CRE0097,CRE:AR_CRE0097,CRE,test,-1
1816,CRE,AR_CRE0098,CRE:AR_CRE0098,CRE,development,2
1817,CRE,AR_CRE0099,CRE:AR_CRE0099,CRE,development,2
1818,CRE,AR_CRE0100,CRE:AR_CRE0100,CRE,development,0
1819,CRE,AR_CRE0101,CRE:AR_CRE0101,CRE,development,2
1820,CRE,AR_CRE0102,CRE:AR_CRE0102,CRE,development,0
1821,CRE,AR_CRE0103,CRE:AR_CRE0103,CRE,test,-1
1822,CRE,AR_CRE0104,CRE:AR_CRE0104,CRE,test,-1
1823,CRE,AR_CRE0105,CRE:AR_CRE0105,CRE,development,2
1824,CRE,AR_CRE0106,CRE:AR_CRE0106,CRE,development,0
1825,CRE,AR_CRE0107,CRE:AR_CRE0107,CRE,development,1
1826,CRE,AR_CRE0108,CRE:AR_CRE0108,CRE,development,0
1827,CRE,AR_CRE0109,CRE:AR_CRE0109,CRE,development,0
1828,CRE,AR_CRE0110,CRE:AR_CRE0110,CRE,development,2
1829,CRE,AR_CRE0111,CRE:AR_CRE0111,CRE,development,2
1830,CRE,AR_CRE0112,CRE:AR_CRE0112,CRE,development,2
1831,CRE,AR_CRE0113,CRE:AR_CRE0113,CRE,development,0
1832,CRE,AR_CRE0114,CRE:AR_CRE0114,CRE,development,2
1833,CRE,AR_CRE0115,CRE:AR_CRE0115,CRE,development,2
1834,CRE,AR_CRE0116,CRE:AR_CRE0116,CRE,development,2
1835,CRE,AR_CRE0117,CRE:AR_CRE0117,CRE,development,2
1836,CRE,AR_CRE0118,CRE:AR_CRE0118,CRE,test,-1
1837,CRE,AR_CRE0119,CRE:AR_CRE0119,CRE,development,1
1838,CRE,AR_CRE0120,CRE:AR_CRE0120,CRE,development,1
1839,CRE,AR_CRE0121,CRE:AR_CRE0121,CRE,development,1
1840,CRE,AR_CRE0122,CRE:AR_CRE0122,CRE,development,2
1841,CRE,AR_CRE0123,CRE:AR_CRE0123,CRE,development,1
1842,CRE,AR_CRE0124,CRE:AR_CRE0124,CRE,development,1
1843,CRE,AR_CRE0125,CRE:AR_CRE0125,CRE,development,1
1844,CRE,AR_CRE0126,CRE:AR_CRE0126,CRE,test,-1
1845,CRE,AR_CRE0127,CRE:AR_CRE0127,CRE,development,1
1846,CRE,AR_CRE0128,CRE:AR_CRE0128,CRE,development,2
1847,CRE,AR_CRE0129,CRE:AR_CRE0129,CRE,test,-1
1848,CRE,AR_CRE0130,CRE:AR_CRE0130,CRE,test,-1
1849,CRE,AR_CRE0131,CRE:AR_CRE0131,CRE,test,-1
1850,CRE,AR_CRE0132,CRE:AR_CRE0132,CRE,development,1
1851,CRE,AR_CRE0133,CRE:AR_CRE0133,CRE,development,0
1852,CRE,AR_CRE0134,CRE:AR_CRE0134,CRE,development,1
1853,CRE,AR_CRE0135,CRE:AR_CRE0135,CRE,development,2
1854,CRE,AR_CRE0136,CRE:AR_CRE0136,CRE,development,1
1855,CRE,AR_CRE0137,CRE:AR_CRE0137,CRE,development,2
1856,CRE,AR_CRE0138,CRE:AR_CRE0138,CRE,development,1
1857,CRE,AR_CRE0139,CRE:AR_CRE0139,CRE,development,1
1858,CRE,AR_CRE0140,CRE:AR_CRE0140,CRE,development,0
1859,CRE,AR_CRE0141,CRE:AR_CRE0141,CRE,test,-1
1860,CRE,AR_CRE0142,CRE:AR_CRE0142,CRE,test,-1
1861,CRE,AR_CRE0143,CRE:AR_CRE0143,CRE,development,2
1862,CRE,AR_CRE0144,CRE:AR_CRE0144,CRE,development,1
1863,CRE,AR_CRE0145,CRE:AR_CRE0145,CRE,development,1
1864,CRE,AR_CRE0146,CRE:AR_CRE0146,CRE,development,0
1865,CRE,AR_CRE0147,CRE:AR_CRE0147,CRE,development,2
1866,CRE,AR_CRE0148,CRE:AR_CRE0148,CRE,development,0
1867,CRE,AR_CRE0149,CRE:AR_CRE0149,CRE,development,2
1868,CRE,AR_CRE0150,CRE:AR_CRE0150,CRE,development,1
1869,CRE,AR_CRE0151,CRE:AR_CRE0151,CRE,development,2
1870,CRE,AR_CRE0152,CRE:AR_CRE0152,CRE,development,0
1871,CRE,AR_CRE0153,CRE:AR_CRE0153,CRE,development,2
1872,CRE,AR_CRE0154,CRE:AR_CRE0154,CRE,development,0
1873,CRE,AR_CRE0155,CRE:AR_CRE0155,CRE,test,-1
1874,CRE,AR_CRE0156,CRE:AR_CRE0156,CRE,development,2
1875,CRE,AR_CRE0157,CRE:AR_CRE0157,CRE,development,1
1876,CRE,AR_CRE0158,CRE:AR_CRE0158,CRE,development,0
1877,CRE,AR_CRE0159,CRE:AR_CRE0159,CRE,development,1
1878,CRE,AR_CRE0160,CRE:AR_CRE0160,CRE,development,2
1879,CRE,AR_CRE0161,CRE:AR_CRE0161,CRE,development,2
1880,CRE,AR_CRE0162,CRE:AR_CRE0162,CRE,development,2
1881,CRE,AR_CRE0163,CRE:AR_CRE0163,CRE,development,1
1883,CRE,AR_CRE0166,CRE:AR_CRE0166,CRE,test,-1
1884,CRE,AR_CRE0167,CRE:AR_CRE0167,CRE,development,2
1887,CRE,AR_CRE0170,CRE:AR_CRE0170,CRE,development,0
1888,CRE,AR_CRE0171,CRE:AR_CRE0171,CRE,development,0
1889,CRE,AR_CRE0172,CRE:AR_CRE0172,CRE,development,0
1890,CRE,AR_CRE0173,CRE:AR_CRE0173,CRE,development,2
1892,CRE,AR_CRE0175,CRE:AR_CRE0175,CRE,test,-1
1894,CRE,AR_CRE0177,CRE:AR_CRE0177,CRE,development,0
1895,CRE,AR_CRE0178,CRE:AR_CRE0178,CRE,development,0
1897,CRE,AR_CRE0180,CRE:AR_CRE0180,CRE,development,1
1899,CRE,AR_CRE0183,CRE:AR_CRE0183,CRE,development,2
1901,CRE,AR_CRE0185,CRE:AR_CRE0185,CRE,development,2
1902,CRE,AR_CRE0186,CRE:AR_CRE0186,CRE,development,0
1906,CRE,AR_CRE0190,CRE:AR_CRE0190,CRE,development,1
1908,CRE,AR_CRE0192,CRE:AR_CRE0192,CRE,development,1
1909,CRE,AR_CRE0193,CRE:AR_CRE0193,CRE,development,2
1910,CRE,AR_CRE0194,CRE:AR_CRE0194,CRE,development,1
1930,CRS,FR_CRS0001,CRS:FR_CRS0001,CRS,development,2
1931,CRS,FR_CRS0002,CRS:FR_CRS0002,CRS,development,1
1932,CRS,FR_CRS0003,CRS:FR_CRS0003,CRS,development,2
1933,CRS,FR_CRS0004,CRS:FR_CRS0004,CRS,development,1
1934,CRS,FR_CRS0005,CRS:FR_CRS0005,CRS,development,1
1935,CRS,FR_CRS0006,CRS:FR_CRS0006,CRS,development,0
1936,CRS,FR_CRS0007,CRS:FR_CRS0007,CRS,test,-1
1937,CRS,FR_CRS0008,CRS:FR_CRS0008,CRS,development,0
1938,CRS,FR_CRS0009,CRS:FR_CRS0009,CRS,development,1
1939,CRS,FR_CRS0010,CRS:FR_CRS0010,CRS,development,0
1940,CRS,FR_CRS0011,CRS:FR_CRS0011,CRS,development,0
1941,CRS,FR_CRS0012,CRS:FR_CRS0012,CRS,development,2
1942,CRS,FR_CRS0013,CRS:FR_CRS0013,CRS,development,2
1943,CRS,FR_CRS0014,CRS:FR_CRS0014,CRS,development,1
1944,CRS,FR_CRS0015,CRS:FR_CRS0015,CRS,development,2
1945,CRS,FR_CRS0016,CRS:FR_CRS0016,CRS,development,0
1946,CRS,FR_CRS0017,CRS:FR_CRS0017,CRS,development,2
1947,CRS,FR_CRS0018,CRS:FR_CRS0018,CRS,development,1
1948,CRS,FR_CRS0019,CRS:FR_CRS0019,CRS,test,-1
1949,CRS,FR_CRS0020,CRS:FR_CRS0020,CRS,development,2
1950,CRS,FR_CRS0021,CRS:FR_CRS0021,CRS,development,1
1951,CRS,FR_CRS0022,CRS:FR_CRS0022,CRS,development,0
1952,CRS,FR_CRS0023,CRS:FR_CRS0023,CRS,development,2
1953,CRS,FR_CRS0024,CRS:FR_CRS0024,CRS,test,-1
1954,CRS,FR_CRS0025,CRS:FR_CRS0025,CRS,test,-1
1955,CRS,FR_CRS0026,CRS:FR_CRS0026,CRS,development,1
1956,CRS,FR_CRS0027,CRS:FR_CRS0027,CRS,development,1
1957,CRS,FR_CRS0028,CRS:FR_CRS0028,CRS,development,0
1958,CRS,FR_CRS0029,CRS:FR_CRS0029,CRS,development,0
1959,CRS,FR_CRS0030,CRS:FR_CRS0030,CRS,development,0
2128,GGT,IT_GGT0001,GGT:IT_GGT0001,GGT,development,0
2129,GGT,IT_GGT0002,GGT:IT_GGT0002,GGT,development,2
2130,GGT,IT_GGT0003,GGT:IT_GGT0003,GGT,development,2
2131,GGT,IT_GGT0004,GGT:IT_GGT0004,GGT,test,-1
2132,GGT,IT_GGT0005,GGT:IT_GGT0005,GGT,development,2
2133,GGT,IT_GGT0006,GGT:IT_GGT0006,GGT,development,1
2134,GGT,IT_GGT0007,GGT:IT_GGT0007,GGT,development,0
2135,GGT,IT_GGT0008,GGT:IT_GGT0008,GGT,development,2
2136,GGT,IT_GGT0009,GGT:IT_GGT0009,GGT,development,1
2137,GGT,IT_GGT0010,GGT:IT_GGT0010,GGT,development,1
2138,GGT,IT_GGT0011,GGT:IT_GGT0011,GGT,development,2
2139,GGT,IT_GGT0012,GGT:IT_GGT0012,GGT,development,2
2140,GGT,IT_GGT0013,GGT:IT_GGT0013,GGT,test,-1
2141,GGT,IT_GGT0014,GGT:IT_GGT0014,GGT,test,-1
2142,GGT,IT_GGT0015,GGT:IT_GGT0015,GGT,development,1
2143,GGT,IT_GGT0016,GGT:IT_GGT0016,GGT,development,2
2144,GGT,IT_GGT0017,GGT:IT_GGT0017,GGT,test,-1
2145,GGT,IT_GGT0018,GGT:IT_GGT0018,GGT,development,1
2146,GGT,IT_GGT0019,GGT:IT_GGT0019,GGT,development,0
2147,GGT,IT_GGT0020,GGT:IT_GGT0020,GGT,development,2
2148,GGT,IT_GGT0021,GGT:IT_GGT0021,GGT,development,0
2149,GGT,IT_GGT0022,GGT:IT_GGT0022,GGT,development,1
2150,GGT,IT_GGT0023,GGT:IT_GGT0023,GGT,development,0
2151,GGT,IT_GGT0024,GGT:IT_GGT0024,GGT,development,0
2152,GGT,IT_GGT0025,GGT:IT_GGT0025,GGT,development,2
2153,GGT,IT_GGT0026,GGT:IT_GGT0026,GGT,development,0
2154,GGT,IT_GGT0027,GGT:IT_GGT0027,GGT,development,1
2155,GGT,IT_GGT0028,GGT:IT_GGT0028,GGT,development,0
2156,GGT,IT_GGT0029,GGT:IT_GGT0029,GGT,development,1
2157,GGT,IT_GGT0030,GGT:IT_GGT0030,GGT,development,0
2203,GUM,ET_GUM0001,GUM:ET_GUM0001,GUM,development,1
2204,GUM,ET_GUM0002,GUM:ET_GUM0002,GUM,development,0
2205,GUM,ET_GUM0003,GUM:ET_GUM0003,GUM,development,2
2206,GUM,ET_GUM0004,GUM:ET_GUM0004,GUM,development,2
2207,GUM,ET_GUM0005,GUM:ET_GUM0005,GUM,development,1
2208,GUM,ET_GUM0006,GUM:ET_GUM0006,GUM,development,1
2209,GUM,ET_GUM0007,GUM:ET_GUM0007,GUM,development,2
2210,GUM,ET_GUM0008,GUM:ET_GUM0008,GUM,development,1
2211,GUM,ET_GUM0009,GUM:ET_GUM0009,GUM,development,2
2212,GUM,ET_GUM0010,GUM:ET_GUM0010,GUM,development,1
2213,GUM,ET_GUM0011,GUM:ET_GUM0011,GUM,test,-1
2214,GUM,ET_GUM0012,GUM:ET_GUM0012,GUM,development,1
2215,GUM,ET_GUM0013,GUM:ET_GUM0013,GUM,development,2
2216,GUM,ET_GUM0014,GUM:ET_GUM0014,GUM,development,0
2217,GUM,ET_GUM0015,GUM:ET_GUM0015,GUM,development,1
2218,GUM,ET_GUM0016,GUM:ET_GUM0016,GUM,development,1
2219,GUM,ET_GUM0017,GUM:ET_GUM0017,GUM,development,2
2220,GUM,ET_GUM0018,GUM:ET_GUM0018,GUM,test,-1
2221,GUM,ET_GUM0019,GUM:ET_GUM0019,GUM,development,1
2222,GUM,ET_GUM0020,GUM:ET_GUM0020,GUM,development,0
2223,GUM,ET_GUM0021,GUM:ET_GUM0021,GUM,development,1
2224,GUM,ET_GUM0022,GUM:ET_GUM0022,GUM,development,2
2225,GUM,ET_GUM0023,GUM:ET_GUM0023,GUM,development,0
2226,GUM,ET_GUM0024,GUM:ET_GUM0024,GUM,test,-1
2227,GUM,ET_GUM0025,GUM:ET_GUM0025,GUM,test,-1
2228,GUM,ET_GUM0026,GUM:ET_GUM0026,GUM,test,-1
2229,GUM,ET_GUM0027,GUM:ET_GUM0027,GUM,development,0
2230,GUM,ET_GUM0028,GUM:ET_GUM0028,GUM,development,0
2231,GUM,ET_GUM0029,GUM:ET_GUM0029,GUM,development,2
2232,GUM,ET_GUM0030,GUM:ET_GUM0030,GUM,development,0
2233,GUM,ET_GUM0031,GUM:ET_GUM0031,GUM,development,2
2234,GUM,ET_GUM0032,GUM:ET_GUM0032,GUM,development,0
2235,GUM,ET_GUM0033,GUM:ET_GUM0033,GUM,development,1
2236,GUM,ET_GUM0034,GUM:ET_GUM0034,GUM,development,0
2237,GUM,ET_GUM0035,GUM:ET_GUM0035,GUM,test,-1
2238,GUM,ET_GUM0036,GUM:ET_GUM0036,GUM,development,2
2239,GUM,ET_GUM0037,GUM:ET_GUM0037,GUM,development,2
2240,GUM,ET_GUM0038,GUM:ET_GUM0038,GUM,development,1
2241,GUM,ET_GUM0039,GUM:ET_GUM0039,GUM,development,0
2242,GUM,ET_GUM0040,GUM:ET_GUM0040,GUM,development,2
2243,GUM,ET_GUM0041,GUM:ET_GUM0041,GUM,development,0
2330,KAM,PK_KAM0001,KAM:PK_KAM0001,KAM,development,2
2331,KAM,PK_KAM0002,KAM:PK_KAM0002,KAM,development,0
2332,KAM,PK_KAM0003,KAM:PK_KAM0003,KAM,development,2
2333,KAM,PK_KAM0004,KAM:PK_KAM0004,KAM,test,-1
2334,KAM,PK_KAM0005,KAM:PK_KAM0005,KAM,test,-1
2335,KAM,PK_KAM0006,KAM:PK_KAM0006,KAM,development,0
2336,KAM,PK_KAM0007,KAM:PK_KAM0007,KAM,development,0
2337,KAM,PK_KAM0008,KAM:PK_KAM0008,KAM,development,2
2338,KAM,PK_KAM0009,KAM:PK_KAM0009,KAM,development,2
2339,KAM,PK_KAM0010,KAM:PK_KAM0010,KAM,development,0
2340,KAM,PK_KAM0011,KAM:PK_KAM0011,KAM,development,2
2341,KAM,PK_KAM0012,KAM:PK_KAM0012,KAM,test,-1
2342,KAM,PK_KAM0013,KAM:PK_KAM0013,KAM,development,2
2343,KAM,PK_KAM0014,KAM:PK_KAM0014,KAM,development,2
2344,KAM,PK_KAM0015,KAM:PK_KAM0015,KAM,development,1
2345,KAM,PK_KAM0016,KAM:PK_KAM0016,KAM,development,0
2346,KAM,PK_KAM0017,KAM:PK_KAM0017,KAM,development,0
2347,KAM,PK_KAM0018,KAM:PK_KAM0018,KAM,development,0
2348,KAM,PK_KAM0019,KAM:PK_KAM0019,KAM,development,2
2349,KAM,PK_KAM0020,KAM:PK_KAM0020,KAM,development,1
2350,KAM,PK_KAM0021,KAM:PK_KAM0021,KAM,test,-1
2351,KAM,PK_KAM0022,KAM:PK_KAM0022,KAM,development,1
2352,KAM,PK_KAM0023,KAM:PK_KAM0023,KAM,test,-1
2353,KAM,PK_KAM0024,KAM:PK_KAM0024,KAM,development,0
2354,KAM,PK_KAM0025,KAM:PK_KAM0025,KAM,development,1
2355,KAM,PK_KAM0026,KAM:PK_KAM0026,KAM,test,-1
2356,KAM,PK_KAM0027,KAM:PK_KAM0027,KAM,development,2
2357,KAM,PK_KAM0028,KAM:PK_KAM0028,KAM,development,1
2358,KAM,PK_KAM0029,KAM:PK_KAM0029,KAM,development,2
2359,KAM,PK_KAM0030,KAM:PK_KAM0030,KAM,development,0
2360,KAM,PK_KAM0031,KAM:PK_KAM0031,KAM,development,2
2361,KAM,PK_KAM0032,KAM:PK_KAM0032,KAM,development,1
2362,KAM,PK_KAM0033,KAM:PK_KAM0033,KAM,development,0
2363,KAM,PK_KAM0034,KAM:PK_KAM0034,KAM,development,1
2364,KAM,PK_KAM0035,KAM:PK_KAM0035,KAM,development,1
2365,KAM,PK_KAM0036,KAM:PK_KAM0036,KAM,development,1
2366,KAM,PK_KAM0037,KAM:PK_KAM0037,KAM,development,2
2367,KAM,PK_KAM0038,KAM:PK_KAM0038,KAM,development,0
2368,KAM,PK_KAM0039,KAM:PK_KAM0039,KAM,development,1
2369,KAM,PK_KAM0040,KAM:PK_KAM0040,KAM,development,1
2370,KAM,PK_KAM0041,KAM:PK_KAM0041,KAM,development,1
2371,KAM,PK_KAM0042,KAM:PK_KAM0042,KAM,development,0
2392,KEF,ET_KEF0001,KEF:ET_KEF0001,KEF,development,2
2393,KEF,ET_KEF0002,KEF:ET_KEF0002,KEF,test,-1
2394,KEF,ET_KEF0003,KEF:ET_KEF0003,KEF,development,2
2395,KEF,ET_KEF0004,KEF:ET_KEF0004,KEF,development,1
2396,KEF,ET_KEF0005,KEF:ET_KEF0005,KEF,development,2
2397,KEF,ET_KEF0006,KEF:ET_KEF0006,KEF,development,1
2398,KEF,ET_KEF0007,KEF:ET_KEF0007,KEF,development,2
2399,KEF,ET_KEF0008,KEF:ET_KEF0008,KEF,development,1
2400,KEF,ET_KEF0009,KEF:ET_KEF0009,KEF,development,1
2401,KEF,ET_KEF0010,KEF:ET_KEF0010,KEF,development,1
2402,KEF,ET_KEF0011,KEF:ET_KEF0011,KEF,development,0
2403,KEF,ET_KEF0012,KEF:ET_KEF0012,KEF,development,0
2404,KEF,ET_KEF0013,KEF:ET_KEF0013,KEF,development,1
2405,KEF,ET_KEF0014,KEF:ET_KEF0014,KEF,development,1
2406,KEF,ET_KEF0015,KEF:ET_KEF0015,KEF,development,0
2407,KEF,ET_KEF0016,KEF:ET_KEF0016,KEF,development,0
2408,KEF,ET_KEF0017,KEF:ET_KEF0017,KEF,development,1
2409,KEF,ET_KEF0018,KEF:ET_KEF0018,KEF,test,-1
2410,KEF,ET_KEF0019,KEF:ET_KEF0019,KEF,development,0
2411,KEF,ET_KEF0020,KEF:ET_KEF0020,KEF,development,2
2412,KEF,ET_KEF0021,KEF:ET_KEF0021,KEF,development,1
2413,KEF,ET_KEF0022,KEF:ET_KEF0022,KEF,development,0
2414,KEF,ET_KEF0023,KEF:ET_KEF0023,KEF,development,2
2415,KEF,ET_KEF0024,KEF:ET_KEF0024,KEF,development,2
2416,KEF,ET_KEF0025,KEF:ET_KEF0025,KEF,development,0
2417,KEF,ET_KEF0026,KEF:ET_KEF0026,KEF,development,0
2418,KEF,ET_KEF0027,KEF:ET_KEF0027,KEF,development,2
2419,KEF,ET_KEF0028,KEF:ET_KEF0028,KEF,development,0
2420,KEF,ET_KEF0029,KEF:ET_KEF0029,KEF,development,0
2421,KEF,ET_KEF0030,KEF:ET_KEF0030,KEF,test,-1
2422,KEF,ET_KEF0031,KEF:ET_KEF0031,KEF,development,1
2423,KEF,ET_KEF0032,KEF:ET_KEF0032,KEF,development,0
2424,KEF,ET_KEF0033,KEF:ET_KEF0033,KEF,test,-1
2425,KEF,ET_KEF0034,KEF:ET_KEF0034,KEF,development,0
2426,KEF,ET_KEF0035,KEF:ET_KEF0035,KEF,development,1
2427,KEF,ET_KEF0036,KEF:ET_KEF0036,KEF,test,-1
2428,KEF,ET_KEF0037,KEF:ET_KEF0037,KEF,development,2
2429,KEF,ET_KEF0038,KEF:ET_KEF0038,KEF,development,0
2430,KEF,ET_KEF0039,KEF:ET_KEF0039,KEF,development,1
2431,KEF,ET_KEF0040,KEF:ET_KEF0040,KEF,test,-1
2432,KEF,ET_KEF0041,KEF:ET_KEF0041,KEF,development,2
2433,KEF,ET_KEF0042,KEF:ET_KEF0042,KEF,development,2
2434,KEF,ET_KEF0043,KEF:ET_KEF0043,KEF,development,2
2435,KEF,ET_KEF0044,KEF:ET_KEF0044,KEF,development,2
2436,KEF,ET_KEF0045,KEF:ET_KEF0045,KEF,development,1
2437,KEF,ET_KEF0046,KEF:ET_KEF0046,KEF,development,2
2438,KEF,ET_KEF0047,KEF:ET_KEF0047,KEF,development,1
2439,KEF,ET_KEF0048,KEF:ET_KEF0048,KEF,development,0
2440,KEF,ET_KEF0049,KEF:ET_KEF0049,KEF,test,-1
2496,KLS,TR_KLS0001,KLS:TR_KLS0001,KLS,development,1
2497,KLS,TR_KLS0002,KLS:TR_KLS0002,KLS,test,-1
2498,KLS,TR_KLS0003,KLS:TR_KLS0003,KLS,development,2
2499,KLS,TR_KLS0004,KLS:TR_KLS0004,KLS,development,0
2500,KLS,TR_KLS0005,KLS:TR_KLS0005,KLS,development,1
2501,KLS,TR_KLS0006,KLS:TR_KLS0006,KLS,development,1
2502,KLS,TR_KLS0007,KLS:TR_KLS0007,KLS,development,2
2503,KLS,TR_KLS0008,KLS:TR_KLS0008,KLS,development,2
2504,KLS,TR_KLS0009,KLS:TR_KLS0009,KLS,development,0
2505,KLS,TR_KLS0010,KLS:TR_KLS0010,KLS,development,0
2506,KLS,TR_KLS0011,KLS:TR_KLS0011,KLS,development,0
2507,KLS,TR_KLS0012,KLS:TR_KLS0012,KLS,development,0
2508,KLS,TR_KLS0013,KLS:TR_KLS0013,KLS,development,0
2509,KLS,TR_KLS0014,KLS:TR_KLS0014,KLS,test,-1
2510,KLS,TR_KLS0015,KLS:TR_KLS0015,KLS,development,2
2511,KLS,TR_KLS0016,KLS:TR_KLS0016,KLS,test,-1
2512,KLS,TR_KLS0017,KLS:TR_KLS0017,KLS,development,2
2513,KLS,TR_KLS0018,KLS:TR_KLS0018,KLS,development,2
2514,KLS,TR_KLS0019,KLS:TR_KLS0019,KLS,development,2
2515,KLS,TR_KLS0020,KLS:TR_KLS0020,KLS,test,-1
2516,KLS,TR_KLS0021,KLS:TR_KLS0021,KLS,development,0
2517,KLS,TR_KLS0022,KLS:TR_KLS0022,KLS,development,0
2518,KLS,TR_KLS0023,KLS:TR_KLS0023,KLS,development,2
2519,KLS,TR_KLS0024,KLS:TR_KLS0024,KLS,development,0
2520,KLS,TR_KLS0025,KLS:TR_KLS0025,KLS,development,1
2521,KLS,TR_KLS0026,KLS:TR_KLS0026,KLS,development,2
2522,KLS,TR_KLS0027,KLS:TR_KLS0027,KLS,development,1
2523,KLS,TR_KLS0028,KLS:TR_KLS0028,KLS,development,0
2524,KLS,TR_KLS0029,KLS:TR_KLS0029,KLS,development,1
2525,KLS,TR_KLS0030,KLS:TR_KLS0030,KLS,development,1
2526,KLS,TR_KLS0032,KLS:TR_KLS0032,KLS,development,1
2527,KLS,TR_KLS0033,KLS:TR_KLS0033,KLS,development,1
2528,KLS,TR_KLS0034,KLS:TR_KLS0034,KLS,development,0
2529,KLS,TR_KLS0035,KLS:TR_KLS0035,KLS,test,-1
2530,KLS,TR_KLS0036,KLS:TR_KLS0036,KLS,development,2
2531,KLS,TR_KLS0037,KLS:TR_KLS0037,KLS,development,0
2532,KLS,TR_KLS0038,KLS:TR_KLS0038,KLS,development,1
2533,KLS,TR_KLS0039,KLS:TR_KLS0039,KLS,development,2
2534,KLS,TR_KLS0040,KLS:TR_KLS0040,KLS,development,1
2535,KLS,TR_KLS0041,KLS:TR_KLS0041,KLS,test,-1
2553,LND,MZ_LND0001,LND:MZ_LND0001,LND,development,2
2554,LND,MZ_LND0002,LND:MZ_LND0002,LND,development,2
2555,LND,MZ_LND0003,LND:MZ_LND0003,LND,development,1
2556,LND,MZ_LND0004,LND:MZ_LND0004,LND,development,0
2557,LND,MZ_LND0005,LND:MZ_LND0005,LND,development,1
2558,LND,MZ_LND0006,LND:MZ_LND0006,LND,development,0
2559,LND,MZ_LND0007,LND:MZ_LND0007,LND,development,1
2560,LND,MZ_LND0008,LND:MZ_LND0008,LND,development,2
2561,LND,MZ_LND0009,LND:MZ_LND0009,LND,development,2
2562,LND,MZ_LND0010,LND:MZ_LND0010,LND,test,-1
2563,LND,MZ_LND0011,LND:MZ_LND0011,LND,development,2
2564,LND,MZ_LND0012,LND:MZ_LND0012,LND,test,-1
2565,LND,MZ_LND0013,LND:MZ_LND0013,LND,development,0
2566,LND,MZ_LND0014,LND:MZ_LND0014,LND,development,1
2567,LND,MZ_LND0015,LND:MZ_LND0015,LND,development,1
2568,LND,MZ_LND0016,LND:MZ_LND0016,LND,development,1
2569,LND,MZ_LND0017,LND:MZ_LND0017,LND,development,2
2570,LND,MZ_LND0018,LND:MZ_LND0018,LND,development,0
2571,LND,MZ_LND0019,LND:MZ_LND0019,LND,development,0
2572,LND,MZ_LND0020,LND:MZ_LND0020,LND,development,0
2573,LND,MZ_LND0021,LND:MZ_LND0021,LND,development,1
2574,LND,MZ_LND0022,LND:MZ_LND0022,LND,test,-1
2575,LND,MZ_LND0023,LND:MZ_LND0023,LND,development,2
2576,LND,MZ_LND0024,LND:MZ_LND0024,LND,development,0
2577,LND,MZ_LND0025,LND:MZ_LND0025,LND,development,1
2578,LND,MZ_LND0026,LND:MZ_LND0026,LND,development,0
2579,LND,MZ_LND0027,LND:MZ_LND0027,LND,development,2
2580,LND,MZ_LND0028,LND:MZ_LND0028,LND,test,-1
2581,LND,MZ_LND0029,LND:MZ_LND0029,LND,development,2
2582,LND,MZ_LND0030,LND:MZ_LND0030,LND,development,1
2583,LND,MZ_LND0031,LND:MZ_LND0031,LND,development,1
2584,LND,MZ_LND0032,LND:MZ_LND0032,LND,development,0
2585,LND,MZ_LND0033,LND:MZ_LND0033,LND,test,-1
2586,LNR,DK_LNR0001,LNR:DK_LNR0001,LNR,development,1
2587,LNR,DK_LNR0002,LNR:DK_LNR0002,LNR,development,1
2588,LNR,DK_LNR0003,LNR:DK_LNR0003,LNR,development,2
2589,LNR,DK_LNR0004,LNR:DK_LNR0004,LNR,test,-1
2590,LNR,DK_LNR0005,LNR:DK_LNR0005,LNR,development,1
2591,LNR,DK_LNR0006,LNR:DK_LNR0006,LNR,development,2
2592,LNR,DK_LNR0007,LNR:DK_LNR0007,LNR,development,0
2593,LNR,DK_LNR0008,LNR:DK_LNR0008,LNR,development,0
2594,LNR,DK_LNR0009,LNR:DK_LNR0009,LNR,development,1
2595,LNR,DK_LNR0010,LNR:DK_LNR0010,LNR,development,2
2596,LNR,DK_LNR0011,LNR:DK_LNR0011,LNR,development,0
2597,LNR,DK_LNR0012,LNR:DK_LNR0012,LNR,development,1
2598,LNR,DK_LNR0013,LNR:DK_LNR0013,LNR,development,1
2599,LNR,DK_LNR0014,LNR:DK_LNR0014,LNR,development,2
2600,LNR,DK_LNR0015,LNR:DK_LNR0015,LNR,development,0
2601,LNR,DK_LNR0016,LNR:DK_LNR0016,LNR,development,2
2602,LNR,DK_LNR0017,LNR:DK_LNR0017,LNR,development,0
2603,LNR,DK_LNR0018,LNR:DK_LNR0018,LNR,test,-1
2604,LNR,DK_LNR0019,LNR:DK_LNR0019,LNR,development,0
2605,LNR,DK_LNR0020,LNR:DK_LNR0020,LNR,development,2
2606,LNR,DK_LNR0021,LNR:DK_LNR0021,LNR,development,1
2607,LNR,DK_LNR0022,LNR:DK_LNR0022,LNR,development,2
2608,LNR,DK_LNR0023,LNR:DK_LNR0023,LNR,development,2
2609,LNR,DK_LNR0024,LNR:DK_LNR0024,LNR,development,0
2610,LNR,DK_LNR0025,LNR:DK_LNR0025,LNR,test,-1
2611,LNR,DK_LNR0026,LNR:DK_LNR0026,LNR,development,2
2612,LNR,DK_LNR0027,LNR:DK_LNR0027,LNR,development,2
2613,LNR,DK_LNR0028,LNR:DK_LNR0028,LNR,development,0
2614,LNR,DK_LNR0029,LNR:DK_LNR0029,LNR,development,1
2615,LNR,DK_LNR0030,LNR:DK_LNR0030,LNR,development,2
2616,LNR,DK_LNR0031,LNR:DK_LNR0031,LNR,development,0
2617,LNR,DK_LNR0032,LNR:DK_LNR0032,LNR,development,0
2618,LNR,DK_LNR0033,LNR:DK_LNR0033,LNR,development,2
2619,LNR,DK_LNR0034,LNR:DK_LNR0034,LNR,development,1
2620,LNR,DK_LNR0035,LNR:DK_LNR0035,LNR,development,0
2621,LNR,DK_LNR0036,LNR:DK_LNR0036,LNR,development,0
2622,LNR,DK_LNR0037,LNR:DK_LNR0037,LNR,development,2
2623,LNR,DK_LNR0038,LNR:DK_LNR0038,LNR,development,0
2624,LNR,DK_LNR0039,LNR:DK_LNR0039,LNR,development,0
2625,LNR,DK_LNR0040,LNR:DK_LNR0040,LNR,development,0
2626,LNR,DK_LNR0041,LNR:DK_LNR0041,LNR,development,2
2627,LNR,DK_LNR0042,LNR:DK_LNR0042,LNR,development,0
2628,LNR,DK_LNR0043,LNR:DK_LNR0043,LNR,development,1
2629,LNR,DK_LNR0044,LNR:DK_LNR0044,LNR,development,1
2630,LNR,DK_LNR0045,LNR:DK_LNR0045,LNR,development,0
2631,LNR,DK_LNR0046,LNR:DK_LNR0046,LNR,development,1
2632,LNR,DK_LNR0047,LNR:DK_LNR0047,LNR,development,2
2633,LNR,DK_LNR0048,LNR:DK_LNR0048,LNR,development,0
2634,LNR,DK_LNR0049,LNR:DK_LNR0049,LNR,development,1
2635,LNR,DK_LNR0050,LNR:DK_LNR0050,LNR,development,2
2636,LNR,DK_LNR0051,LNR:DK_LNR0051,LNR,development,2
2637,LNR,DK_LNR0052,LNR:DK_LNR0052,LNR,development,1
2638,LNR,DK_LNR0053,LNR:DK_LNR0053,LNR,development,1
2639,LNR,DK_LNR0054,LNR:DK_LNR0054,LNR,development,1
2640,LNR,DK_LNR0055,LNR:DK_LNR0055,LNR,development,0
2641,LNR,DK_LNR0056,LNR:DK_LNR0056,LNR,development,0
2642,LNR,DK_LNR0057,LNR:DK_LNR0057,LNR,development,0
2643,LNR,DK_LNR0058,LNR:DK_LNR0058,LNR,development,2
2644,LNR,DK_LNR0059,LNR:DK_LNR0059,LNR,development,0
2645,LNR,DK_LNR0060,LNR:DK_LNR0060,LNR,development,2
2646,LNR,DK_LNR0061,LNR:DK_LNR0061,LNR,test,-1
2647,LNR,DK_LNR0062,LNR:DK_LNR0062,LNR,test,-1
2648,LNR,DK_LNR0063,LNR:DK_LNR0063,LNR,development,2
2649,LNR,DK_LNR0064,LNR:DK_LNR0064,LNR,test,-1
2650,LNR,DK_LNR0065,LNR:DK_LNR0065,LNR,development,0
2651,LNR,DK_LNR0066,LNR:DK_LNR0066,LNR,development,1
2652,LNR,DK_LNR0067,LNR:DK_LNR0067,LNR,development,0
2653,LNR,DK_LNR0068,LNR:DK_LNR0068,LNR,development,2
2654,LNR,DK_LNR0069,LNR:DK_LNR0069,LNR,development,2
2655,LNR,DK_LNR0070,LNR:DK_LNR0070,LNR,development,2
2656,LNR,DK_LNR0071,LNR:DK_LNR0071,LNR,development,1
2657,LNR,DK_LNR0072,LNR:DK_LNR0072,LNR,development,2
2658,LNR,DK_LNR0073,LNR:DK_LNR0073,LNR,development,1
2659,LNR,DK_LNR0074,LNR:DK_LNR0074,LNR,development,1
2660,LNR,DK_LNR0075,LNR:DK_LNR0075,LNR,development,0
2661,LNR,DK_LNR0076,LNR:DK_LNR0076,LNR,development,1
2662,LNR,DK_LNR0077,LNR:DK_LNR0077,LNR,development,1
2663,LNR,DK_LNR0078,LNR:DK_LNR0078,LNR,development,0
2664,LNR,DK_LNR0079,LNR:DK_LNR0079,LNR,development,1
2665,LNR,DK_LNR0080,LNR:DK_LNR0080,LNR,development,0
2666,LNR,DK_LNR0081,LNR:DK_LNR0081,LNR,development,1
2667,LNR,DK_LNR0082,LNR:DK_LNR0082,LNR,test,-1
2668,LNR,DK_LNR0083,LNR:DK_LNR0083,LNR,development,1
2669,LNR,DK_LNR0084,LNR:DK_LNR0084,LNR,development,1
2670,LNR,DK_LNR0085,LNR:DK_LNR0085,LNR,development,0
2671,LNR,DK_LNR0086,LNR:DK_LNR0086,LNR,test,-1
2672,LNR,DK_LNR0087,LNR:DK_LNR0087,LNR,development,1
2673,LNR,DK_LNR0088,LNR:DK_LNR0088,LNR,development,2
2674,LNR,DK_LNR0089,LNR:DK_LNR0089,LNR,test,-1
2675,LNR,DK_LNR0090,LNR:DK_LNR0090,LNR,development,2
2676,LNR,DK_LNR0091,LNR:DK_LNR0091,LNR,development,2
2677,LNR,DK_LNR0092,LNR:DK_LNR0092,LNR,development,0
2678,LNR,DK_LNR0093,LNR:DK_LNR0093,LNR,development,1
2679,LNR,DK_LNR0094,LNR:DK_LNR0094,LNR,test,-1
2680,LNR,DK_LNR0095,LNR:DK_LNR0095,LNR,development,2
2681,LNR,DK_LNR0096,LNR:DK_LNR0096,LNR,development,0
2682,LNR,DK_LNR0097,LNR:DK_LNR0097,LNR,development,1
2683,LNR,DK_LNR0098,LNR:DK_LNR0098,LNR,test,-1
2684,LNR,DK_LNR0099,LNR:DK_LNR0099,LNR,development,0
2685,LNR,DK_LNR0100,LNR:DK_LNR0100,LNR,development,2
2686,LNR,DK_LNR0101,LNR:DK_LNR0101,LNR,development,2
2687,LNR,DK_LNR0102,LNR:DK_LNR0102,LNR,development,0
2688,LNR,DK_LNR0103,LNR:DK_LNR0103,LNR,development,1
2689,LNR,DK_LNR0104,LNR:DK_LNR0104,LNR,development,1
2690,LNR,DK_LNR0105,LNR:DK_LNR0105,LNR,test,-1
2691,LNR,DK_LNR0106,LNR:DK_LNR0106,LNR,development,0
2692,LNR,DK_LNR0107,LNR:DK_LNR0107,LNR,development,0
2693,LNR,DK_LNR0108,LNR:DK_LNR0108,LNR,test,-1
2694,LNR,DK_LNR0109,LNR:DK_LNR0109,LNR,development,1
2695,LNR,DK_LNR0110,LNR:DK_LNR0110,LNR,test,-1
2696,LNR,DK_LNR0111,LNR:DK_LNR0111,LNR,development,1
2697,LNR,DK_LNR0112,LNR:DK_LNR0112,LNR,development,2
2698,LNR,DK_LNR0113,LNR:DK_LNR0113,LNR,test,-1
2699,LNR,DK_LNR0114,LNR:DK_LNR0114,LNR,development,0
2700,LNR,DK_LNR0115,LNR:DK_LNR0115,LNR,development,2
2701,LNR,DK_LNR0116,LNR:DK_LNR0116,LNR,development,0
2702,LNR,DK_LNR0117,LNR:DK_LNR0117,LNR,development,2
2703,LNR,DK_LNR0118,LNR:DK_LNR0118,LNR,test,-1
2704,LNR,DK_LNR0119,LNR:DK_LNR0119,LNR,development,1
2705,LNR,DK_LNR0120,LNR:DK_LNR0120,LNR,development,0
2706,LNR,FI_LNR0121,LNR:FI_LNR0121,LNR,development,1
2707,LNR,FI_LNR0122,LNR:FI_LNR0122,LNR,development,1
2708,LNR,FI_LNR0123,LNR:FI_LNR0123,LNR,test,-1
2709,LNR,FI_LNR0124,LNR:FI_LNR0124,LNR,development,1
2710,LNR,FI_LNR0125,LNR:FI_LNR0125,LNR,development,0
2711,LNR,FI_LNR0126,LNR:FI_LNR0126,LNR,development,2
2712,LNR,FI_LNR0127,LNR:FI_LNR0127,LNR,test,-1
2713,LNR,FI_LNR0128,LNR:FI_LNR0128,LNR,test,-1
2714,LNR,FI_LNR0129,LNR:FI_LNR0129,LNR,development,1
2715,LNR,FI_LNR0130,LNR:FI_LNR0130,LNR,development,0
2716,LNR,FI_LNR0131,LNR:FI_LNR0131,LNR,development,2
2717,LNR,FI_LNR0132,LNR:FI_LNR0132,LNR,development,0
2718,LNR,FI_LNR0133,LNR:FI_LNR0133,LNR,development,1
2719,LNR,FI_LNR0134,LNR:FI_LNR0134,LNR,development,1
2720,LNR,FI_LNR0135,LNR:FI_LNR0135,LNR,development,1
2721,LNR,FI_LNR0136,LNR:FI_LNR0136,LNR,development,1
2722,LNR,FI_LNR0137,LNR:FI_LNR0137,LNR,development,2
2723,LNR,FI_LNR0138,LNR:FI_LNR0138,LNR,development,0
2724,LNR,FI_LNR0139,LNR:FI_LNR0139,LNR,test,-1
2725,LNR,FI_LNR0140,LNR:FI_LNR0140,LNR,development,0
2726,LNR,NL_LNR0141,LNR:NL_LNR0141,LNR,development,2
2727,LNR,NL_LNR0142,LNR:NL_LNR0142,LNR,development,0
2728,LNR,NL_LNR0143,LNR:NL_LNR0143,LNR,test,-1
2729,LNR,NL_LNR0144,LNR:NL_LNR0144,LNR,development,2
2730,LNR,NL_LNR0145,LNR:NL_LNR0145,LNR,development,2
2731,LNR,NL_LNR0146,LNR:NL_LNR0146,LNR,development,0
2732,LNR,NL_LNR0147,LNR:NL_LNR0147,LNR,development,2
2733,LNR,NL_LNR0148,LNR:NL_LNR0148,LNR,test,-1
2734,LNR,NL_LNR0149,LNR:NL_LNR0149,LNR,development,1
2735,LNR,NL_LNR0150,LNR:NL_LNR0150,LNR,development,2
2736,LNR,NL_LNR0151,LNR:NL_LNR0151,LNR,development,2
2737,LNR,NL_LNR0152,LNR:NL_LNR0152,LNR,development,1
2738,LNR,NL_LNR0153,LNR:NL_LNR0153,LNR,development,2
2739,LNR,NL_LNR0154,LNR:NL_LNR0154,LNR,test,-1
2740,LNR,NL_LNR0155,LNR:NL_LNR0155,LNR,development,2
2860,MLG,ES_MLG0001,MLG:ES_MLG0001,MLG,development,0
2861,MLG,ES_MLG0002,MLG:ES_MLG0002,MLG,development,1
2862,MLG,ES_MLG0003,MLG:ES_MLG0003,MLG,development,0
2863,MLG,ES_MLG0004,MLG:ES_MLG0004,MLG,test,-1
2864,MLG,ES_MLG0005,MLG:ES_MLG0005,MLG,test,-1
2865,MLG,ES_MLG0006,MLG:ES_MLG0006,MLG,development,0
2866,MLG,ES_MLG0007,MLG:ES_MLG0007,MLG,development,0
2867,MLG,ES_MLG0008,MLG:ES_MLG0008,MLG,development,1
2868,MLG,ES_MLG0009,MLG:ES_MLG0009,MLG,development,1
2869,MLG,ES_MLG0010,MLG:ES_MLG0010,MLG,development,0
2870,MLG,ES_MLG0011,MLG:ES_MLG0011,MLG,development,1
2871,MLG,ES_MLG0012,MLG:ES_MLG0012,MLG,development,0
2872,MLG,ES_MLG0013,MLG:ES_MLG0013,MLG,development,1
2873,MLG,ES_MLG0014,MLG:ES_MLG0014,MLG,development,0
2874,MLG,ES_MLG0015,MLG:ES_MLG0015,MLG,development,0
2875,MLG,ES_MLG0016,MLG:ES_MLG0016,MLG,development,2
2876,MLG,ES_MLG0017,MLG:ES_MLG0017,MLG,development,2
2877,MLG,ES_MLG0018,MLG:ES_MLG0018,MLG,test,-1
2878,MLG,ES_MLG0019,MLG:ES_MLG0019,MLG,development,1
2879,MLG,ES_MLG0020,MLG:ES_MLG0020,MLG,development,1
2880,MLG,ES_MLG0021,MLG:ES_MLG0021,MLG,development,1
2881,MLG,ES_MLG0022,MLG:ES_MLG0022,MLG,test,-1
2882,MLG,ES_MLG0023,MLG:ES_MLG0023,MLG,development,2
2883,MLG,ES_MLG0024,MLG:ES_MLG0024,MLG,development,2
2884,MLG,ES_MLG0025,MLG:ES_MLG0025,MLG,development,0
2885,MLG,ES_MLG0026,MLG:ES_MLG0026,MLG,development,2
2886,MLG,ES_MLG0027,MLG:ES_MLG0027,MLG,development,0
2887,MLG,ES_MLG0028,MLG:ES_MLG0028,MLG,development,2
2888,MLG,ES_MLG0029,MLG:ES_MLG0029,MLG,development,2
2889,MLG,ES_MLG0030,MLG:ES_MLG0030,MLG,development,0
2890,MLG,ES_MLG0031,MLG:ES_MLG0031,MLG,development,1
2891,MLG,ES_MLG0032,MLG:ES_MLG0032,MLG,test,-1
2892,MLG,ES_MLG0033,MLG:ES_MLG0033,MLG,development,2
2893,MLG,ES_MLG0034,MLG:ES_MLG0034,MLG,development,2
2894,MLG,ES_MLG0035,MLG:ES_MLG0035,MLG,development,1
2895,MLG,ES_MLG0036,MLG:ES_MLG0036,MLG,development,2
2896,MLG,ES_MLG0037,MLG:ES_MLG0037,MLG,development,2
2897,MLG,ES_MLG0038,MLG:ES_MLG0038,MLG,development,1
2898,MLG,ES_MLG0039,MLG:ES_MLG0039,MLG,test,-1
2899,MLG,ES_MLG0040,MLG:ES_MLG0040,MLG,development,0
2900,MLG,ES_MLG0041,MLG:ES_MLG0041,MLG,development,1
2901,MLG,ES_MLG0042,MLG:ES_MLG0042,MLG,development,2
2968,MOX,BR_MOX0001,MOX:BR_MOX0001,MOX,development,1
2969,MOX,BR_MOX0002,MOX:BR_MOX0002,MOX,development,2
2970,MOX,BR_MOX0003,MOX:BR_MOX0003,MOX,development,0
2971,MOX,BR_MOX0004,MOX:BR_MOX0004,MOX,development,2
2972,MOX,BR_MOX0005,MOX:BR_MOX0005,MOX,development,0
2973,MOX,BR_MOX0006,MOX:BR_MOX0006,MOX,development,1
2974,MOX,BR_MOX0007,MOX:BR_MOX0007,MOX,development,0
2975,MOX,BR_MOX0008,MOX:BR_MOX0008,MOX,development,2
2976,MOX,BR_MOX0009,MOX:BR_MOX0009,MOX,development,0
2977,MOX,BR_MOX0010,MOX:BR_MOX0010,MOX,development,1
2978,MOX,BR_MOX0011,MOX:BR_MOX0011,MOX,development,2
2979,MOX,BR_MOX0012,MOX:BR_MOX0012,MOX,development,2
2980,MOX,BR_MOX0013,MOX:BR_MOX0013,MOX,development,1
2981,MOX,BR_MOX0014,MOX:BR_MOX0014,MOX,test,-1
2982,MOX,BR_MOX0015,MOX:BR_MOX0015,MOX,development,2
2983,MOX,BR_MOX0016,MOX:BR_MOX0016,MOX,development,2
2984,MOX,BR_MOX0017,MOX:BR_MOX0017,MOX,development,2
2985,MOX,BR_MOX0018,MOX:BR_MOX0018,MOX,development,1
2986,MOX,BR_MOX0019,MOX:BR_MOX0019,MOX,development,0
2987,MOX,BR_MOX0020,MOX:BR_MOX0020,MOX,test,-1
2988,MOX,BR_MOX0021,MOX:BR_MOX0021,MOX,development,0
2989,MOX,BR_MOX0022,MOX:BR_MOX0022,MOX,test,-1
2990,MOX,BR_MOX0023,MOX:BR_MOX0023,MOX,test,-1
2991,MOX,BR_MOX0024,MOX:BR_MOX0024,MOX,development,1
2992,MOX,BR_MOX0025,MOX:BR_MOX0025,MOX,development,0
2993,MOX,BR_MOX0026,MOX:BR_MOX0026,MOX,development,1
2994,MOX,BR_MOX0027,MOX:BR_MOX0027,MOX,development,0
2995,MOX,BR_MOX0028,MOX:BR_MOX0028,MOX,development,2
2996,MOX,BR_MOX0029,MOX:BR_MOX0029,MOX,development,1
2997,MOX,BR_MOX0030,MOX:BR_MOX0030,MOX,development,0
3135,NBN,AR_NBN0085,NBN:AR_NBN0085,NBN,development,2
3136,NBN,AR_NBN0086,NBN:AR_NBN0086,NBN,development,1
3137,NBN,AR_NBN0087,NBN:AR_NBN0087,NBN,development,2
3138,NBN,AR_NBN0088,NBN:AR_NBN0088,NBN,development,0
3139,NBN,AR_NBN0089,NBN:AR_NBN0089,NBN,development,0
3140,NBN,AR_NBN0090,NBN:AR_NBN0090,NBN,development,2
3142,NBN,AR_NBN0092,NBN:AR_NBN0092,NBN,development,0
3143,NBN,AR_NBN0093,NBN:AR_NBN0093,NBN,development,0
3144,NBN,AR_NBN0094,NBN:AR_NBN0094,NBN,development,1
3145,NBN,AR_NBN0095,NBN:AR_NBN0095,NBN,test,-1
3147,NBN,AR_NBN0097,NBN:AR_NBN0097,NBN,development,2
3148,NBN,AR_NBN0098,NBN:AR_NBN0098,NBN,development,2
3151,NBN,AR_NBN0101,NBN:AR_NBN0101,NBN,development,1
3152,NBN,AR_NBN0102,NBN:AR_NBN0102,NBN,development,0
3153,NBN,AR_NBN0104,NBN:AR_NBN0104,NBN,development,1
3155,NBN,EG_NBN0001,NBN:EG_NBN0001,NBN,test,-1
3156,NBN,EG_NBN0002,NBN:EG_NBN0002,NBN,development,1
3157,NBN,EG_NBN0003,NBN:EG_NBN0003,NBN,development,2
3158,NBN,EG_NBN0004,NBN:EG_NBN0004,NBN,test,-1
3159,NBN,EG_NBN0005,NBN:EG_NBN0005,NBN,development,0
3160,NBN,EG_NBN0006,NBN:EG_NBN0006,NBN,test,-1
3161,NBN,EG_NBN0007,NBN:EG_NBN0007,NBN,development,2
3162,NBN,EG_NBN0008,NBN:EG_NBN0008,NBN,development,2
3163,NBN,EG_NBN0009,NBN:EG_NBN0009,NBN,development,1
3164,NBN,EG_NBN0010,NBN:EG_NBN0010,NBN,development,2
3165,NBN,EG_NBN0011,NBN:EG_NBN0011,NBN,development,1
3166,NBN,EG_NBN0012,NBN:EG_NBN0012,NBN,development,1
3167,NBN,EG_NBN0013,NBN:EG_NBN0013,NBN,development,1
3168,NBN,EG_NBN0014,NBN:EG_NBN0014,NBN,development,2
3169,NBN,EG_NBN0015,NBN:EG_NBN0015,NBN,development,0
3170,NBN,EG_NBN0016,NBN:EG_NBN0016,NBN,development,1
3171,NBN,EG_NBN0017,NBN:EG_NBN0017,NBN,development,1
3172,NBN,EG_NBN0018,NBN:EG_NBN0018,NBN,development,0
3173,NBN,EG_NBN0019,NBN:EG_NBN0019,NBN,development,0
3174,NBN,EG_NBN0020,NBN:EG_NBN0020,NBN,development,1
3175,NBN,EG_NBN0021,NBN:EG_NBN0021,NBN,test,-1
3176,NBN,EG_NBN0022,NBN:EG_NBN0022,NBN,test,-1
3177,NBN,EG_NBN0023,NBN:EG_NBN0023,NBN,test,-1
3178,NBN,EG_NBN0024,NBN:EG_NBN0024,NBN,development,1
3179,NBN,EG_NBN0025,NBN:EG_NBN0025,NBN,development,0
3180,NBN,EG_NBN0026,NBN:EG_NBN0026,NBN,test,-1
3181,NBN,EG_NBN0027,NBN:EG_NBN0027,NBN,development,0
3182,NBN,EG_NBN0028,NBN:EG_NBN0028,NBN,development,0
3183,NBN,EG_NBN0029,NBN:EG_NBN0029,NBN,development,1
3184,NBN,EG_NBN0030,NBN:EG_NBN0030,NBN,development,2
3185,NBN,EG_NBN0031,NBN:EG_NBN0031,NBN,development,1
3186,NBN,EG_NBN0032,NBN:EG_NBN0032,NBN,development,0
3187,NBN,EG_NBN0033,NBN:EG_NBN0033,NBN,test,-1
3188,NBN,EG_NBN0034,NBN:EG_NBN0034,NBN,development,1
3189,NBN,EG_NBN0035,NBN:EG_NBN0035,NBN,development,2
3190,NBN,EG_NBN0036,NBN:EG_NBN0036,NBN,development,1
3191,NBN,EG_NBN0037,NBN:EG_NBN0037,NBN,development,0
3192,NBN,EG_NBN0038,NBN:EG_NBN0038,NBN,development,1
3193,NBN,EG_NBN0039,NBN:EG_NBN0039,NBN,development,2
3194,NBN,EG_NBN0040,NBN:EG_NBN0040,NBN,development,2
3195,NBN,EG_NBN0041,NBN:EG_NBN0041,NBN,test,-1
3196,NBN,EG_NBN0042,NBN:EG_NBN0042,NBN,development,1
3197,NBN,EG_NBN0043,NBN:EG_NBN0043,NBN,development,2
3198,NBN,EG_NBN0044,NBN:EG_NBN0044,NBN,development,0
3199,NBN,EG_NBN0045,NBN:EG_NBN0045,NBN,development,1
3200,NBN,EG_NBN0046,NBN:EG_NBN0046,NBN,development,2
3201,NBN,EG_NBN0047,NBN:EG_NBN0047,NBN,development,2
3202,NBN,EG_NBN0048,NBN:EG_NBN0048,NBN,development,2
3203,NBN,EG_NBN0049,NBN:EG_NBN0049,NBN,test,-1
3204,NBN,EG_NBN0050,NBN:EG_NBN0050,NBN,development,2
3205,NBN,EG_NBN0051,NBN:EG_NBN0051,NBN,development,1
3206,NBN,EG_NBN0052,NBN:EG_NBN0052,NBN,development,1
3207,NBN,EG_NBN0053,NBN:EG_NBN0053,NBN,development,0
3208,NBN,EG_NBN0054,NBN:EG_NBN0054,NBN,development,2
3209,NBN,EG_NBN0055,NBN:EG_NBN0055,NBN,development,1
3210,NBN,EG_NBN0056,NBN:EG_NBN0056,NBN,test,-1
3211,NBN,EG_NBN0057,NBN:EG_NBN0057,NBN,development,0
3212,NBN,EG_NBN0058,NBN:EG_NBN0058,NBN,development,0
3213,NBN,EG_NBN0059,NBN:EG_NBN0059,NBN,development,0
3214,NBN,EG_NBN0060,NBN:EG_NBN0060,NBN,development,1
3215,NBN,EG_NBN0061,NBN:EG_NBN0061,NBN,development,2
3216,NBN,EG_NBN0062,NBN:EG_NBN0062,NBN,development,0
3217,NBN,EG_NBN0063,NBN:EG_NBN0063,NBN,development,0
3218,NBN,EG_NBN0064,NBN:EG_NBN0064,NBN,development,0
3219,NBN,EG_NBN0065,NBN:EG_NBN0065,NBN,development,0
3220,NBN,EG_NBN0066,NBN:EG_NBN0066,NBN,development,2
3221,NBN,EG_NBN0067,NBN:EG_NBN0067,NBN,development,1
3222,NBN,EG_NBN0068,NBN:EG_NBN0068,NBN,development,2
3223,NBN,EG_NBN0069,NBN:EG_NBN0069,NBN,test,-1
3224,NBN,EG_NBN0070,NBN:EG_NBN0070,NBN,development,1
3225,NBN,EG_NBN0071,NBN:EG_NBN0071,NBN,development,0
3226,NBN,EG_NBN0072,NBN:EG_NBN0072,NBN,development,1
3227,NBN,EG_NBN0073,NBN:EG_NBN0073,NBN,development,2
3228,NBN,EG_NBN0074,NBN:EG_NBN0074,NBN,development,0
3229,NBN,EG_NBN0075,NBN:EG_NBN0075,NBN,development,0
3230,NBN,EG_NBN0076,NBN:EG_NBN0076,NBN,development,2
3231,NBN,EG_NBN0077,NBN:EG_NBN0077,NBN,development,2
3232,NBN,EG_NBN0078,NBN:EG_NBN0078,NBN,development,0
3233,NBN,EG_NBN0079,NBN:EG_NBN0079,NBN,test,-1
3234,NBN,EG_NBN0080,NBN:EG_NBN0080,NBN,test,-1
3235,NBN,EG_NBN0081,NBN:EG_NBN0081,NBN,development,0
3236,NBN,EG_NBN0082,NBN:EG_NBN0082,NBN,development,2
3237,NBN,EG_NBN0083,NBN:EG_NBN0083,NBN,development,2
3238,NBN,EG_NBN0084,NBN:EG_NBN0084,NBN,development,1
3364,OSS,EG_OSS0001,OSS:EG_OSS0001,OSS,development,1
3365,OSS,EG_OSS0002,OSS:EG_OSS0002,OSS,development,2
3366,OSS,EG_OSS0003,OSS:EG_OSS0003,OSS,development,0
3367,OSS,EG_OSS0004,OSS:EG_OSS0004,OSS,development,0
3368,OSS,EG_OSS0005,OSS:EG_OSS0005,OSS,development,1
3369,OSS,EG_OSS0006,OSS:EG_OSS0006,OSS,development,0
3370,OSS,EG_OSS0007,OSS:EG_OSS0007,OSS,test,-1
3371,OSS,EG_OSS0008,OSS:EG_OSS0008,OSS,development,0
3372,OSS,EG_OSS0009,OSS:EG_OSS0009,OSS,test,-1
3373,OSS,EG_OSS0010,OSS:EG_OSS0010,OSS,development,0
3374,OSS,EG_OSS0011,OSS:EG_OSS0011,OSS,development,1
3375,OSS,EG_OSS0012,OSS:EG_OSS0012,OSS,development,2
3376,OSS,EG_OSS0013,OSS:EG_OSS0013,OSS,development,2
3377,OSS,EG_OSS0014,OSS:EG_OSS0014,OSS,development,2
3378,OSS,EG_OSS0015,OSS:EG_OSS0015,OSS,test,-1
3379,OSS,EG_OSS0016,OSS:EG_OSS0016,OSS,development,0
3380,OSS,EG_OSS0017,OSS:EG_OSS0017,OSS,development,1
3381,OSS,EG_OSS0018,OSS:EG_OSS0018,OSS,development,2
3382,OSS,EG_OSS0019,OSS:EG_OSS0019,OSS,development,1
3383,OSS,EG_OSS0020,OSS:EG_OSS0020,OSS,development,2
3384,OSS,EG_OSS0021,OSS:EG_OSS0021,OSS,development,1
3385,OSS,EG_OSS0022,OSS:EG_OSS0022,OSS,development,0
3386,OSS,EG_OSS0023,OSS:EG_OSS0023,OSS,development,0
3387,OSS,EG_OSS0024,OSS:EG_OSS0024,OSS,development,1
3388,OSS,EG_OSS0025,OSS:EG_OSS0025,OSS,development,2
3389,OSS,EG_OSS0026,OSS:EG_OSS0026,OSS,development,0
3390,OSS,EG_OSS0027,OSS:EG_OSS0027,OSS,development,2
3391,OSS,EG_OSS0028,OSS:EG_OSS0028,OSS,test,-1
3392,OSS,EG_OSS0029,OSS:EG_OSS0029,OSS,development,0
3393,OSS,EG_OSS0030,OSS:EG_OSS0030,OSS,development,2
3394,OSS,EG_OSS0031,OSS:EG_OSS0031,OSS,development,1
3395,OSS,EG_OSS0032,OSS:EG_OSS0032,OSS,development,0
3396,OSS,EG_OSS0033,OSS:EG_OSS0033,OSS,development,0
3397,OSS,EG_OSS0034,OSS:EG_OSS0034,OSS,test,-1
3398,OSS,EG_OSS0035,OSS:EG_OSS0035,OSS,development,0
3399,OSS,EG_OSS0036,OSS:EG_OSS0036,OSS,development,2
3400,OSS,EG_OSS0037,OSS:EG_OSS0037,OSS,development,2
3401,OSS,EG_OSS0038,OSS:EG_OSS0038,OSS,development,1
3402,OSS,EG_OSS0039,OSS:EG_OSS0039,OSS,development,1
3403,OSS,EG_OSS0040,OSS:EG_OSS0040,OSS,development,1
3404,OSS,EG_OSS0041,OSS:EG_OSS0041,OSS,test,-1
3405,OSS,EG_OSS0042,OSS:EG_OSS0042,OSS,development,0
3406,OSS,EG_OSS0043,OSS:EG_OSS0043,OSS,development,0
3407,OSS,EG_OSS0044,OSS:EG_OSS0044,OSS,development,0
3408,OSS,EG_OSS0045,OSS:EG_OSS0045,OSS,development,0
3409,OSS,EG_OSS0046,OSS:EG_OSS0046,OSS,development,2
3410,OSS,EG_OSS0047,OSS:EG_OSS0047,OSS,development,1
3411,OSS,EG_OSS0048,OSS:EG_OSS0048,OSS,development,0
3412,OSS,EG_OSS0049,OSS:EG_OSS0049,OSS,development,2
3413,OSS,EG_OSS0050,OSS:EG_OSS0050,OSS,development,2
3414,OSS,EG_OSS0051,OSS:EG_OSS0051,OSS,development,1
3415,OSS,EG_OSS0052,OSS:EG_OSS0052,OSS,development,2
3416,OSS,EG_OSS0053,OSS:EG_OSS0053,OSS,development,1
3417,OSS,EG_OSS0054,OSS:EG_OSS0054,OSS,development,1
3418,OSS,EG_OSS0055,OSS:EG_OSS0055,OSS,test,-1
3419,OSS,EG_OSS0056,OSS:EG_OSS0056,OSS,development,1
3420,OSS,EG_OSS0057,OSS:EG_OSS0057,OSS,development,2
3421,OSS,EG_OSS0058,OSS:EG_OSS0058,OSS,development,2
3422,OSS,EG_OSS0059,OSS:EG_OSS0059,OSS,test,-1
3423,OSS,EG_OSS0060,OSS:EG_OSS0060,OSS,development,1
3424,OSS,EG_OSS0061,OSS:EG_OSS0061,OSS,development,0
3425,OSS,EG_OSS0062,OSS:EG_OSS0062,OSS,development,1
3426,OSS,EG_OSS0063,OSS:EG_OSS0063,OSS,development,2
3427,OSS,EG_OSS0064,OSS:EG_OSS0064,OSS,test,-1
3428,OSS,EG_OSS0065,OSS:EG_OSS0065,OSS,development,2
3429,OSS,EG_OSS0066,OSS:EG_OSS0066,OSS,development,0
3430,OSS,EG_OSS0067,OSS:EG_OSS0067,OSS,test,-1
3431,OSS,EG_OSS0068,OSS:EG_OSS0068,OSS,development,1
3432,OSS,EG_OSS0069,OSS:EG_OSS0069,OSS,development,2
3433,OSS,EG_OSS0070,OSS:EG_OSS0070,OSS,test,-1
3434,OSS,EG_OSS0071,OSS:EG_OSS0071,OSS,development,1
3435,OSS,EG_OSS0072,OSS:EG_OSS0072,OSS,development,1
3474,PAT,PK_PAT0001,PAT:PK_PAT0001,PAT,development,2
3475,PAT,PK_PAT0002,PAT:PK_PAT0002,PAT,development,0
3476,PAT,PK_PAT0003,PAT:PK_PAT0003,PAT,development,0
3477,PAT,PK_PAT0004,PAT:PK_PAT0004,PAT,development,2
3479,PAT,PK_PAT0006,PAT:PK_PAT0006,PAT,development,0
3480,PAT,PK_PAT0007,PAT:PK_PAT0007,PAT,test,-1
3481,PAT,PK_PAT0008,PAT:PK_PAT0008,PAT,development,2
3482,PAT,PK_PAT0009,PAT:PK_PAT0009,PAT,development,1
3483,PAT,PK_PAT0010,PAT:PK_PAT0010,PAT,test,-1
3484,PAT,PK_PAT0011,PAT:PK_PAT0011,PAT,development,1
3485,PAT,PK_PAT0012,PAT:PK_PAT0012,PAT,development,2
3486,PAT,PK_PAT0013,PAT:PK_PAT0013,PAT,development,2
3488,PAT,PK_PAT0015,PAT:PK_PAT0015,PAT,development,0
3489,PAT,PK_PAT0016,PAT:PK_PAT0016,PAT,development,0
3490,PAT,PK_PAT0017,PAT:PK_PAT0017,PAT,development,1
3491,PAT,PK_PAT0018,PAT:PK_PAT0018,PAT,development,0
3492,PAT,PK_PAT0019,PAT:PK_PAT0019,PAT,development,2
3493,PAT,PK_PAT0020,PAT:PK_PAT0020,PAT,development,1
3494,PAT,PK_PAT0021,PAT:PK_PAT0021,PAT,development,0
3495,PAT,PK_PAT0022,PAT:PK_PAT0022,PAT,development,1
3496,PAT,PK_PAT0023,PAT:PK_PAT0023,PAT,development,0
3497,PAT,PK_PAT0024,PAT:PK_PAT0024,PAT,development,1
3498,PAT,PK_PAT0025,PAT:PK_PAT0025,PAT,development,1
3499,PAT,PK_PAT0026,PAT:PK_PAT0026,PAT,development,1
3500,PAT,PK_PAT0027,PAT:PK_PAT0027,PAT,development,2
3501,PAT,PK_PAT0028,PAT:PK_PAT0028,PAT,test,-1
3502,PAT,PK_PAT0029,PAT:PK_PAT0029,PAT,development,2
3503,PAT,PK_PAT0030,PAT:PK_PAT0030,PAT,development,2
3504,PAT,PK_PAT0031,PAT:PK_PAT0031,PAT,development,0
3505,PAT,PK_PAT0032,PAT:PK_PAT0032,PAT,development,1
3506,PAT,PK_PAT0033,PAT:PK_PAT0033,PAT,test,-1
3507,PAT,PK_PAT0034,PAT:PK_PAT0034,PAT,development,0
3508,PAT,PK_PAT0035,PAT:PK_PAT0035,PAT,test,-1
3509,PAT,PK_PAT0036,PAT:PK_PAT0036,PAT,development,1
3510,PAT,PK_PAT0037,PAT:PK_PAT0037,PAT,development,2
3632,RAN,AU_RAN0001,RAN:AU_RAN0001,RAN,development,1
3633,RAN,AU_RAN0002,RAN:AU_RAN0002,RAN,development,0
3634,RAN,AU_RAN0003,RAN:AU_RAN0003,RAN,development,1
3635,RAN,AU_RAN0004,RAN:AU_RAN0004,RAN,development,1
3636,RAN,AU_RAN0005,RAN:AU_RAN0005,RAN,test,-1
3637,RAN,AU_RAN0006,RAN:AU_RAN0006,RAN,development,1
3638,RAN,AU_RAN0007,RAN:AU_RAN0007,RAN,development,1
3639,RAN,AU_RAN0008,RAN:AU_RAN0008,RAN,development,2
3640,RAN,AU_RAN0009,RAN:AU_RAN0009,RAN,development,2
3641,RAN,AU_RAN0010,RAN:AU_RAN0010,RAN,development,1
3642,RAN,AU_RAN0011,RAN:AU_RAN0011,RAN,development,0
3643,RAN,AU_RAN0012,RAN:AU_RAN0012,RAN,development,1
3644,RAN,AU_RAN0013,RAN:AU_RAN0013,RAN,development,2
3645,RAN,AU_RAN0014,RAN:AU_RAN0014,RAN,development,0
3646,RAN,AU_RAN0015,RAN:AU_RAN0015,RAN,test,-1
3647,RAN,AU_RAN0016,RAN:AU_RAN0016,RAN,development,2
3650,RAN,AU_RAN0019,RAN:AU_RAN0019,RAN,test,-1
3651,RAN,AU_RAN0020,RAN:AU_RAN0020,RAN,development,1
3652,RAN,AU_RAN0021,RAN:AU_RAN0021,RAN,development,0
3653,RAN,AU_RAN0022,RAN:AU_RAN0022,RAN,development,0
3654,RAN,AU_RAN0023,RAN:AU_RAN0023,RAN,development,2
3655,RAN,AU_RAN0024,RAN:AU_RAN0024,RAN,development,2
3656,RAN,AU_RAN0025,RAN:AU_RAN0025,RAN,development,0
3657,RAN,AU_RAN0026,RAN:AU_RAN0026,RAN,development,2
3658,RAN,AU_RAN0027,RAN:AU_RAN0027,RAN,development,0
3659,RAN,AU_RAN0028,RAN:AU_RAN0028,RAN,development,0
3660,RAN,AU_RAN0029,RAN:AU_RAN0029,RAN,development,2
3661,RAN,AU_RAN0030,RAN:AU_RAN0030,RAN,development,1
3662,RAN,AU_RAN0031,RAN:AU_RAN0031,RAN,development,1
3663,RAN,AU_RAN0032,RAN:AU_RAN0032,RAN,test,-1
3664,RAN,AU_RAN0033,RAN:AU_RAN0033,RAN,development,0
3665,RAN,AU_RAN0034,RAN:AU_RAN0034,RAN,test,-1
3666,RAN,AU_RAN0035,RAN:AU_RAN0035,RAN,development,2
3667,RAN,AU_RAN0036,RAN:AU_RAN0036,RAN,test,-1
3668,RAN,AU_RAN0037,RAN:AU_RAN0037,RAN,development,2
3669,RAN,AU_RAN0038,RAN:AU_RAN0038,RAN,development,0
3670,RAN,AU_RAN0039,RAN:AU_RAN0039,RAN,development,0
3671,RAN,AU_RAN0040,RAN:AU_RAN0040,RAN,development,0
3672,RAN,AU_RAN0041,RAN:AU_RAN0041,RAN,development,0
3673,RAN,AU_RAN0042,RAN:AU_RAN0042,RAN,development,0
3674,RAN,AU_RAN0043,RAN:AU_RAN0043,RAN,test,-1
3675,RAN,AU_RAN0044,RAN:AU_RAN0044,RAN,development,0
3676,RAN,AU_RAN0045,RAN:AU_RAN0045,RAN,development,2
3677,RAN,AU_RAN0046,RAN:AU_RAN0046,RAN,development,2
3678,RAN,AU_RAN0047,RAN:AU_RAN0047,RAN,development,0
3679,RAN,AU_RAN0048,RAN:AU_RAN0048,RAN,development,0
3680,RAN,AU_RAN0049,RAN:AU_RAN0049,RAN,development,2
3681,RAN,AU_RAN0050,RAN:AU_RAN0050,RAN,development,1
3682,RAN,AU_RAN0051,RAN:AU_RAN0051,RAN,development,1
3683,RAN,AU_RAN0052,RAN:AU_RAN0052,RAN,development,2
3684,RAN,AU_RAN0053,RAN:AU_RAN0053,RAN,test,-1
3685,RAN,AU_RAN0054,RAN:AU_RAN0054,RAN,development,1
3686,RAN,AU_RAN0055,RAN:AU_RAN0055,RAN,development,2
3687,RAN,AU_RAN0056,RAN:AU_RAN0056,RAN,development,2
3688,RAN,AU_RAN0057,RAN:AU_RAN0057,RAN,development,2
3689,RAN,AU_RAN0058,RAN:AU_RAN0058,RAN,development,1
3690,RAN,AU_RAN0059,RAN:AU_RAN0059,RAN,development,0
3691,RAN,AU_RAN0060,RAN:AU_RAN0060,RAN,development,2
3692,RAN,AU_RAN0061,RAN:AU_RAN0061,RAN,development,1
3693,RAN,AU_RAN0062,RAN:AU_RAN0062,RAN,development,1
3694,RAN,AU_RAN0063,RAN:AU_RAN0063,RAN,test,-1
3695,RAN,AU_RAN0064,RAN:AU_RAN0064,RAN,test,-1
3696,RAN,AU_RAN0065,RAN:AU_RAN0065,RAN,development,1
3697,RAN,AU_RAN0066,RAN:AU_RAN0066,RAN,development,1
3718,RME,IT_RME0001,RME:IT_RME0001,RME,development,2
3719,RME,IT_RME0002,RME:IT_RME0002,RME,development,0
3720,RME,IT_RME0003,RME:IT_RME0003,RME,development,2
3721,RME,IT_RME0004,RME:IT_RME0004,RME,test,-1
3722,RME,IT_RME0005,RME:IT_RME0005,RME,development,1
3723,RME,IT_RME0006,RME:IT_RME0006,RME,development,1
3724,RME,IT_RME0007,RME:IT_RME0007,RME,test,-1
3725,RME,IT_RME0008,RME:IT_RME0008,RME,development,2
3726,RME,IT_RME0009,RME:IT_RME0009,RME,test,-1
3727,RME,IT_RME0010,RME:IT_RME0010,RME,development,2
3728,RME,IT_RME0011,RME:IT_RME0011,RME,development,2
3729,RME,IT_RME0012,RME:IT_RME0012,RME,development,0
3730,RME,IT_RME0013,RME:IT_RME0013,RME,development,1
3731,RME,IT_RME0014,RME:IT_RME0014,RME,development,1
3732,RME,IT_RME0015,RME:IT_RME0015,RME,development,1
3733,RME,IT_RME0016,RME:IT_RME0016,RME,test,-1
3734,RME,IT_RME0017,RME:IT_RME0017,RME,development,2
3735,RME,IT_RME0018,RME:IT_RME0018,RME,development,0
3736,RME,IT_RME0019,RME:IT_RME0019,RME,development,2
3737,RME,IT_RME0020,RME:IT_RME0020,RME,development,2
3738,RME,IT_RME0021,RME:IT_RME0021,RME,development,2
3739,RME,IT_RME0022,RME:IT_RME0022,RME,development,0
3740,RME,IT_RME0023,RME:IT_RME0023,RME,development,2
3741,RME,IT_RME0024,RME:IT_RME0024,RME,development,1
3742,RME,IT_RME0025,RME:IT_RME0025,RME,development,2
3743,RME,IT_RME0026,RME:IT_RME0026,RME,development,1
3744,RME,IT_RME0027,RME:IT_RME0027,RME,development,1
3745,RME,IT_RME0028,RME:IT_RME0028,RME,development,1
3746,RME,IT_RME0029,RME:IT_RME0029,RME,development,0
3747,RME,IT_RME0030,RME:IT_RME0030,RME,development,0
3748,RME,IT_RME0031,RME:IT_RME0031,RME,development,0
3749,RME,IT_RME0032,RME:IT_RME0032,RME,development,1
3750,RME,IT_RME0033,RME:IT_RME0033,RME,development,1
3751,RME,IT_RME0035,RME:IT_RME0035,RME,development,0
3752,RME,IT_RME0036,RME:IT_RME0036,RME,test,-1
3753,RME,IT_RME0037,RME:IT_RME0037,RME,development,0
3754,RME,IT_RME0038,RME:IT_RME0038,RME,test,-1
3755,RME,IT_RME0039,RME:IT_RME0039,RME,development,1
3756,RME,IT_RME0040,RME:IT_RME0040,RME,development,0
3757,RME,IT_RME0041,RME:IT_RME0041,RME,development,0
3758,RME,IT_RME0042,RME:IT_RME0042,RME,development,0
3759,RME,IT_RME0043,RME:IT_RME0043,RME,development,2
3760,RME,IT_RME0044,RME:IT_RME0044,RME,development,0
3761,RME,IT_RME0045,RME:IT_RME0045,RME,development,2
3762,RME,IT_RME0046,RME:IT_RME0046,RME,test,-1
3784,SAA,AR_SAA0084,SAA:AR_SAA0084,SAA,development,1
3785,SAA,AR_SAA0085,SAA:AR_SAA0085,SAA,development,1
3786,SAA,AR_SAA0086,SAA:AR_SAA0086,SAA,development,2
3787,SAA,AR_SAA0087,SAA:AR_SAA0087,SAA,development,1
3788,SAA,AR_SAA0088,SAA:AR_SAA0088,SAA,development,1
3789,SAA,AR_SAA0089,SAA:AR_SAA0089,SAA,development,1
3790,SAA,AR_SAA0091,SAA:AR_SAA0091,SAA,development,2
3791,SAA,AR_SAA0092,SAA:AR_SAA0092,SAA,development,0
3792,SAA,AR_SAA0093,SAA:AR_SAA0093,SAA,development,1
3794,SAA,AR_SAA0095,SAA:AR_SAA0095,SAA,development,1
3798,SAA,AR_SAA0099,SAA:AR_SAA0099,SAA,test,-1
3799,SAA,AR_SAA0100,SAA:AR_SAA0100,SAA,development,0
3800,SAA,AR_SAA0103,SAA:AR_SAA0103,SAA,development,0
3801,SAA,AR_SAA0104,SAA:AR_SAA0104,SAA,development,2
3802,SAA,AR_SAA0105,SAA:AR_SAA0105,SAA,development,0
3803,SAA,AR_SAA0106,SAA:AR_SAA0106,SAA,development,0
3804,SAA,AR_SAA0107,SAA:AR_SAA0107,SAA,development,0
3806,SAA,AR_SAA0110,SAA:AR_SAA0110,SAA,development,1
3807,SAA,CH_SAA0113,SAA:CH_SAA0113,SAA,development,2
3808,SAA,CH_SAA0114,SAA:CH_SAA0114,SAA,test,-1
3809,SAA,CH_SAA0115,SAA:CH_SAA0115,SAA,development,1
3810,SAA,CH_SAA0116,SAA:CH_SAA0116,SAA,development,2
3811,SAA,CH_SAA0117,SAA:CH_SAA0117,SAA,development,0
3812,SAA,CH_SAA0118,SAA:CH_SAA0118,SAA,development,2
3813,SAA,CH_SAA0119,SAA:CH_SAA0119,SAA,development,1
3814,SAA,CH_SAA0120,SAA:CH_SAA0120,SAA,development,0
3815,SAA,CH_SAA0121,SAA:CH_SAA0121,SAA,development,0
3816,SAA,CH_SAA0122,SAA:CH_SAA0122,SAA,test,-1
3817,SAA,CH_SAA0123,SAA:CH_SAA0123,SAA,development,1
3818,SAA,CH_SAA0124,SAA:CH_SAA0124,SAA,development,0
3819,SAA,CH_SAA0125,SAA:CH_SAA0125,SAA,development,0
3820,SAA,CH_SAA0126,SAA:CH_SAA0126,SAA,development,0
3821,SAA,CH_SAA0127,SAA:CH_SAA0127,SAA,development,2
3822,SAA,CH_SAA0128,SAA:CH_SAA0128,SAA,test,-1
3823,SAA,CH_SAA0129,SAA:CH_SAA0129,SAA,development,1
3824,SAA,CH_SAA0130,SAA:CH_SAA0130,SAA,development,2
3827,SAA,CH_SAA0133,SAA:CH_SAA0133,SAA,development,2
3828,SAA,CH_SAA0134,SAA:CH_SAA0134,SAA,development,1
3829,SAA,CH_SAA0135,SAA:CH_SAA0135,SAA,development,2
3830,SAA,CH_SAA0136,SAA:CH_SAA0136,SAA,development,0
3831,SAA,CH_SAA0137,SAA:CH_SAA0137,SAA,development,2
3832,SAA,CH_SAA0138,SAA:CH_SAA0138,SAA,development,2
3834,SAA,CH_SAA0140,SAA:CH_SAA0140,SAA,development,1
3835,SAA,CH_SAA0141,SAA:CH_SAA0141,SAA,development,0
3836,SAA,CH_SAA0142,SAA:CH_SAA0142,SAA,development,2
3837,SAA,CH_SAA0143,SAA:CH_SAA0143,SAA,development,2
3838,SAA,CH_SAA0144,SAA:CH_SAA0144,SAA,development,1
3839,SAA,CH_SAA0145,SAA:CH_SAA0145,SAA,development,0
3840,SAA,CH_SAA0146,SAA:CH_SAA0146,SAA,development,0
3841,SAA,CH_SAA0147,SAA:CH_SAA0147,SAA,development,1
3842,SAA,CH_SAA0148,SAA:CH_SAA0148,SAA,development,1
3843,SAA,CH_SAA0149,SAA:CH_SAA0149,SAA,development,2
3844,SAA,CH_SAA0150,SAA:CH_SAA0150,SAA,development,1
3845,SAA,CH_SAA0151,SAA:CH_SAA0151,SAA,development,0
3846,SAA,CH_SAA0152,SAA:CH_SAA0152,SAA,development,1
3847,SAA,CH_SAA0153,SAA:CH_SAA0153,SAA,test,-1
3848,SAA,CH_SAA0154,SAA:CH_SAA0154,SAA,development,0
3849,SAA,CH_SAA0155,SAA:CH_SAA0155,SAA,development,1
3850,SAA,CH_SAA0156,SAA:CH_SAA0156,SAA,development,2
3851,SAA,CH_SAA0157,SAA:CH_SAA0157,SAA,development,0
3852,SAA,CH_SAA0158,SAA:CH_SAA0158,SAA,development,0
3853,SAA,CH_SAA0159,SAA:CH_SAA0159,SAA,development,2
3854,SAA,FR_SAA0027,SAA:FR_SAA0027,SAA,development,0
3855,SAA,FR_SAA0028,SAA:FR_SAA0028,SAA,test,-1
3856,SAA,FR_SAA0029,SAA:FR_SAA0029,SAA,development,0
3857,SAA,FR_SAA0030,SAA:FR_SAA0030,SAA,development,1
3858,SAA,FR_SAA0031,SAA:FR_SAA0031,SAA,development,0
3859,SAA,FR_SAA0032,SAA:FR_SAA0032,SAA,development,1
3860,SAA,FR_SAA0033,SAA:FR_SAA0033,SAA,test,-1
3861,SAA,FR_SAA0034,SAA:FR_SAA0034,SAA,test,-1
3862,SAA,FR_SAA0035,SAA:FR_SAA0035,SAA,development,1
3863,SAA,FR_SAA0036,SAA:FR_SAA0036,SAA,development,2
3864,SAA,FR_SAA0037,SAA:FR_SAA0037,SAA,development,0
3865,SAA,FR_SAA0038,SAA:FR_SAA0038,SAA,development,0
3866,SAA,FR_SAA0039,SAA:FR_SAA0039,SAA,development,0
3867,SAA,FR_SAA0040,SAA:FR_SAA0040,SAA,development,1
3868,SAA,FR_SAA0041,SAA:FR_SAA0041,SAA,development,2
3869,SAA,FR_SAA0042,SAA:FR_SAA0042,SAA,development,1
3870,SAA,FR_SAA0044,SAA:FR_SAA0044,SAA,development,0
3871,SAA,FR_SAA0045,SAA:FR_SAA0045,SAA,test,-1
3872,SAA,FR_SAA0046,SAA:FR_SAA0046,SAA,development,1
3873,SAA,FR_SAA0047,SAA:FR_SAA0047,SAA,development,1
3874,SAA,FR_SAA0048,SAA:FR_SAA0048,SAA,development,2
3875,SAA,FR_SAA0049,SAA:FR_SAA0049,SAA,test,-1
3876,SAA,FR_SAA0050,SAA:FR_SAA0050,SAA,development,0
3877,SAA,FR_SAA0051,SAA:FR_SAA0051,SAA,development,0
3878,SAA,FR_SAA0052,SAA:FR_SAA0052,SAA,development,1
3879,SAA,FR_SAA0053,SAA:FR_SAA0053,SAA,development,2
3880,SAA,FR_SAA0054,SAA:FR_SAA0054,SAA,development,1
3881,SAA,FR_SAA0055,SAA:FR_SAA0055,SAA,development,1
3882,SAA,FR_SAA0056,SAA:FR_SAA0056,SAA,development,0
3883,SAA,FR_SAA0057,SAA:FR_SAA0057,SAA,development,1
3884,SAA,FR_SAA0058,SAA:FR_SAA0058,SAA,development,0
3885,SAA,FR_SAA0059,SAA:FR_SAA0059,SAA,development,2
3886,SAA,FR_SAA0060,SAA:FR_SAA0060,SAA,development,2
3887,SAA,FR_SAA0061,SAA:FR_SAA0061,SAA,development,2
3888,SAA,FR_SAA0062,SAA:FR_SAA0062,SAA,development,1
3889,SAA,FR_SAA0063,SAA:FR_SAA0063,SAA,test,-1
3890,SAA,FR_SAA0064,SAA:FR_SAA0064,SAA,development,0
3891,SAA,FR_SAA0065,SAA:FR_SAA0065,SAA,test,-1
3892,SAA,FR_SAA0066,SAA:FR_SAA0066,SAA,development,2
3893,SAA,FR_SAA0067,SAA:FR_SAA0067,SAA,test,-1
3894,SAA,FR_SAA0068,SAA:FR_SAA0068,SAA,development,1
3895,SAA,FR_SAA0069,SAA:FR_SAA0069,SAA,development,1
3896,SAA,FR_SAA0070,SAA:FR_SAA0070,SAA,development,0
3897,SAA,FR_SAA0071,SAA:FR_SAA0071,SAA,development,2
3898,SAA,FR_SAA0072,SAA:FR_SAA0072,SAA,development,1
3899,SAA,FR_SAA0073,SAA:FR_SAA0073,SAA,development,0
3900,SAA,FR_SAA0074,SAA:FR_SAA0074,SAA,test,-1
3901,SAA,FR_SAA0075,SAA:FR_SAA0075,SAA,development,2
3902,SAA,FR_SAA0076,SAA:FR_SAA0076,SAA,development,0
3903,SAA,FR_SAA0077,SAA:FR_SAA0077,SAA,development,2
3904,SAA,FR_SAA0078,SAA:FR_SAA0078,SAA,development,2
3905,SAA,FR_SAA0079,SAA:FR_SAA0079,SAA,development,2
3906,SAA,FR_SAA0080,SAA:FR_SAA0080,SAA,test,-1
3907,SAA,FR_SAA0081,SAA:FR_SAA0081,SAA,development,2
3908,SAA,FR_SAA0082,SAA:FR_SAA0082,SAA,development,0
3909,SAA,FR_SAA0083,SAA:FR_SAA0083,SAA,development,1
3910,SAA,IT_SAA0001,SAA:IT_SAA0001,SAA,development,2
3911,SAA,IT_SAA0002,SAA:IT_SAA0002,SAA,development,1
3912,SAA,IT_SAA0003,SAA:IT_SAA0003,SAA,test,-1
3913,SAA,IT_SAA0004,SAA:IT_SAA0004,SAA,development,1
3914,SAA,IT_SAA0005,SAA:IT_SAA0005,SAA,test,-1
3915,SAA,IT_SAA0006,SAA:IT_SAA0006,SAA,development,2
3916,SAA,IT_SAA0007,SAA:IT_SAA0007,SAA,development,0
3917,SAA,IT_SAA0008,SAA:IT_SAA0008,SAA,development,1
3918,SAA,IT_SAA0009,SAA:IT_SAA0009,SAA,development,1
3919,SAA,IT_SAA0010,SAA:IT_SAA0010,SAA,development,2
3920,SAA,IT_SAA0011,SAA:IT_SAA0011,SAA,development,2
3921,SAA,IT_SAA0012,SAA:IT_SAA0012,SAA,development,0
3922,SAA,IT_SAA0013,SAA:IT_SAA0013,SAA,development,2
3923,SAA,IT_SAA0014,SAA:IT_SAA0014,SAA,development,1
3924,SAA,IT_SAA0015,SAA:IT_SAA0015,SAA,development,2
3925,SAA,IT_SAA0016,SAA:IT_SAA0016,SAA,development,0
3926,SAA,IT_SAA0017,SAA:IT_SAA0017,SAA,development,1
3927,SAA,IT_SAA0018,SAA:IT_SAA0018,SAA,test,-1
3928,SAA,IT_SAA0019,SAA:IT_SAA0019,SAA,development,1
3929,SAA,IT_SAA0020,SAA:IT_SAA0020,SAA,development,2
3930,SAA,IT_SAA0021,SAA:IT_SAA0021,SAA,development,2
3931,SAA,IT_SAA0022,SAA:IT_SAA0022,SAA,development,1
3932,SAA,IT_SAA0023,SAA:IT_SAA0023,SAA,development,0
3933,SAA,IT_SAA0024,SAA:IT_SAA0024,SAA,test,-1
3934,SAA,KE_SAA0025,SAA:KE_SAA0025,SAA,test,-1
3935,SAA,KE_SAA0026,SAA:KE_SAA0026,SAA,test,-1
3936,SAA,TZ_SAA0160,SAA:TZ_SAA0160,SAA,development,2
3937,SAA,TZ_SAA0161,SAA:TZ_SAA0161,SAA,development,0
3938,SAA,TZ_SAA0162,SAA:TZ_SAA0162,SAA,development,0
3939,SAA,TZ_SAA0163,SAA:TZ_SAA0163,SAA,test,-1
3940,SAA,TZ_SAA0164,SAA:TZ_SAA0164,SAA,development,0
3941,SAA,TZ_SAA0165,SAA:TZ_SAA0165,SAA,development,0
3942,SAA,TZ_SAA0166,SAA:TZ_SAA0166,SAA,development,0
3943,SAA,TZ_SAA0167,SAA:TZ_SAA0167,SAA,development,2
3944,SAA,TZ_SAA0168,SAA:TZ_SAA0168,SAA,development,1
3945,SAA,TZ_SAA0169,SAA:TZ_SAA0169,SAA,development,2
3946,SAA,TZ_SAA0170,SAA:TZ_SAA0170,SAA,development,2
3947,SAA,TZ_SAA0171,SAA:TZ_SAA0171,SAA,development,2
3948,SAA,TZ_SAA0172,SAA:TZ_SAA0172,SAA,development,2
3949,SAA,TZ_SAA0173,SAA:TZ_SAA0173,SAA,test,-1
3950,SAA,TZ_SAA0174,SAA:TZ_SAA0174,SAA,test,-1
3951,SAA,TZ_SAA0175,SAA:TZ_SAA0175,SAA,development,1
3952,SAA,TZ_SAA0176,SAA:TZ_SAA0176,SAA,development,0
3953,SAA,TZ_SAA0177,SAA:TZ_SAA0177,SAA,development,2
3954,SAA,TZ_SAA0178,SAA:TZ_SAA0178,SAA,development,1
4005,SAR,IT_SAR0003,SAR:IT_SAR0003,SAR,test,-1
4006,SAR,IT_SAR0004,SAR:IT_SAR0004,SAR,development,1
4009,SAR,IT_SAR0008,SAR:IT_SAR0008,SAR,development,1
4010,SAR,IT_SAR0009,SAR:IT_SAR0009,SAR,development,0
4011,SAR,IT_SAR0010,SAR:IT_SAR0010,SAR,test,-1
4012,SAR,IT_SAR0011,SAR:IT_SAR0011,SAR,development,2
4013,SAR,IT_SAR0012,SAR:IT_SAR0012,SAR,development,1
4014,SAR,IT_SAR0013,SAR:IT_SAR0013,SAR,development,0
4015,SAR,IT_SAR0014,SAR:IT_SAR0014,SAR,development,0
4016,SAR,IT_SAR0015,SAR:IT_SAR0015,SAR,development,1
4018,SAR,IT_SAR0017,SAR:IT_SAR0017,SAR,development,1
4019,SAR,IT_SAR0018,SAR:IT_SAR0018,SAR,development,2
4020,SAR,IT_SAR0019,SAR:IT_SAR0019,SAR,development,2
4021,SAR,IT_SAR0020,SAR:IT_SAR0020,SAR,development,0
4022,SAR,IT_SAR0021,SAR:IT_SAR0021,SAR,development,1
4023,SAR,IT_SAR0022,SAR:IT_SAR0022,SAR,test,-1
4024,SAR,IT_SAR0023,SAR:IT_SAR0023,SAR,development,0
4025,SAR,IT_SAR0024,SAR:IT_SAR0024,SAR,development,2
4026,SAR,IT_SAR0025,SAR:IT_SAR0025,SAR,development,1
4027,SAR,IT_SAR0026,SAR:IT_SAR0026,SAR,development,2
4028,SAR,IT_SAR0027,SAR:IT_SAR0027,SAR,development,2
4029,SAR,IT_SAR0028,SAR:IT_SAR0028,SAR,development,2
4030,SAR,IT_SAR0029,SAR:IT_SAR0029,SAR,development,0
4031,SAR,IT_SAR0030,SAR:IT_SAR0030,SAR,development,1
4032,SAR,IT_SAR0031,SAR:IT_SAR0031,SAR,development,2
4033,SAR,IT_SAR0032,SAR:IT_SAR0032,SAR,development,0
4034,SAR,IT_SAR0033,SAR:IT_SAR0033,SAR,development,0
4035,SAR,IT_SAR0034,SAR:IT_SAR0034,SAR,development,1
4037,SAR,IT_SAR0036,SAR:IT_SAR0036,SAR,development,0
4038,SAR,IT_SAR0037,SAR:IT_SAR0037,SAR,test,-1
4039,SAR,IT_SAR0038,SAR:IT_SAR0038,SAR,development,2
4040,SAR,IT_SAR0039,SAR:IT_SAR0039,SAR,development,2
4041,SAR,IT_SAR0040,SAR:IT_SAR0040,SAR,test,-1
4068,SEA,KE_SEA0001,SEA:KE_SEA0001,SEA,development,0
4069,SEA,KE_SEA0002,SEA:KE_SEA0002,SEA,development,2
4070,SEA,KE_SEA0003,SEA:KE_SEA0003,SEA,development,2
4071,SEA,KE_SEA0004,SEA:KE_SEA0004,SEA,test,-1
4072,SEA,KE_SEA0005,SEA:KE_SEA0005,SEA,development,0
4073,SEA,KE_SEA0006,SEA:KE_SEA0006,SEA,development,2
4074,SEA,KE_SEA0007,SEA:KE_SEA0007,SEA,test,-1
4075,SEA,KE_SEA0008,SEA:KE_SEA0008,SEA,development,0
4076,SEA,KE_SEA0009,SEA:KE_SEA0009,SEA,development,0
4077,SEA,KE_SEA0010,SEA:KE_SEA0010,SEA,development,2
4078,SEA,KE_SEA0011,SEA:KE_SEA0011,SEA,development,0
4079,SEA,KE_SEA0012,SEA:KE_SEA0012,SEA,development,1
4080,SEA,KE_SEA0014,SEA:KE_SEA0014,SEA,development,2
4081,SEA,KE_SEA0015,SEA:KE_SEA0015,SEA,development,1
4082,SEA,KE_SEA0016,SEA:KE_SEA0016,SEA,development,2
4083,SEA,KE_SEA0017,SEA:KE_SEA0017,SEA,development,2
4084,SEA,KE_SEA0018,SEA:KE_SEA0018,SEA,development,2
4085,SEA,KE_SEA0019,SEA:KE_SEA0019,SEA,test,-1
4086,SEA,KE_SEA0020,SEA:KE_SEA0020,SEA,development,2
4087,SEA,KE_SEA0021,SEA:KE_SEA0021,SEA,development,2
4088,SEA,KE_SEA0022,SEA:KE_SEA0022,SEA,development,1
4089,SEA,KE_SEA0023,SEA:KE_SEA0023,SEA,development,1
4090,SEA,KE_SEA0024,SEA:KE_SEA0024,SEA,development,1
4091,SEA,KE_SEA0026,SEA:KE_SEA0026,SEA,development,1
4092,SEA,KE_SEA0027,SEA:KE_SEA0027,SEA,development,0
4093,SEA,KE_SEA0028,SEA:KE_SEA0028,SEA,development,0
4094,SEA,KE_SEA0029,SEA:KE_SEA0029,SEA,development,2
4095,SEA,KE_SEA0031,SEA:KE_SEA0031,SEA,test,-1
4096,SEA,KE_SEA0032,SEA:KE_SEA0032,SEA,development,1
4097,SEA,KE_SEA0033,SEA:KE_SEA0033,SEA,development,2
4098,SEA,KE_SEA0034,SEA:KE_SEA0034,SEA,development,1
4099,SEA,MZ_SEA0051,SEA:MZ_SEA0051,SEA,test,-1
4100,SEA,MZ_SEA0053,SEA:MZ_SEA0053,SEA,development,0
4101,SEA,MZ_SEA0054,SEA:MZ_SEA0054,SEA,development,1
4102,SEA,MZ_SEA0055,SEA:MZ_SEA0055,SEA,test,-1
4103,SEA,MZ_SEA0056,SEA:MZ_SEA0056,SEA,development,1
4104,SEA,MZ_SEA0057,SEA:MZ_SEA0057,SEA,development,2
4105,SEA,MZ_SEA0058,SEA:MZ_SEA0058,SEA,development,0
4106,SEA,MZ_SEA0059,SEA:MZ_SEA0059,SEA,development,0
4107,SEA,MZ_SEA0060,SEA:MZ_SEA0060,SEA,test,-1
4108,SEA,UG_SEA0035,SEA:UG_SEA0035,SEA,development,0
4109,SEA,UG_SEA0036,SEA:UG_SEA0036,SEA,development,1
4110,SEA,UG_SEA0037,SEA:UG_SEA0037,SEA,development,1
4111,SEA,UG_SEA0038,SEA:UG_SEA0038,SEA,development,1
4112,SEA,UG_SEA0039,SEA:UG_SEA0039,SEA,development,2
4113,SEA,UG_SEA0040,SEA:UG_SEA0040,SEA,development,0
4114,SEA,UG_SEA0041,SEA:UG_SEA0041,SEA,test,-1
4115,SEA,UG_SEA0042,SEA:UG_SEA0042,SEA,development,2
4116,SEA,UG_SEA0043,SEA:UG_SEA0043,SEA,development,1
4117,SEA,UG_SEA0044,SEA:UG_SEA0044,SEA,development,1
4118,SEA,UG_SEA0045,SEA:UG_SEA0045,SEA,development,0
4119,SEA,UG_SEA0046,SEA:UG_SEA0046,SEA,development,1
4120,SEA,UG_SEA0048,SEA:UG_SEA0048,SEA,development,0
4121,SEA,UG_SEA0049,SEA:UG_SEA0049,SEA,development,0
4122,SEA,UG_SEA0050,SEA:UG_SEA0050,SEA,development,0
4198,SID,EG_SID0001,SID:EG_SID0001,SID,development,2
4199,SID,EG_SID0002,SID:EG_SID0002,SID,development,1
4200,SID,EG_SID0003,SID:EG_SID0003,SID,development,0
4201,SID,EG_SID0004,SID:EG_SID0004,SID,development,2
4202,SID,EG_SID0005,SID:EG_SID0005,SID,test,-1
4203,SID,EG_SID0006,SID:EG_SID0006,SID,development,2
4204,SID,EG_SID0007,SID:EG_SID0007,SID,test,-1
4205,SID,EG_SID0008,SID:EG_SID0008,SID,development,1
4206,SID,EG_SID0009,SID:EG_SID0009,SID,development,2
4207,SID,EG_SID0010,SID:EG_SID0010,SID,development,2
4208,SID,EG_SID0011,SID:EG_SID0011,SID,test,-1
4209,SID,EG_SID0012,SID:EG_SID0012,SID,test,-1
4210,SID,EG_SID0013,SID:EG_SID0013,SID,test,-1
4211,SID,EG_SID0014,SID:EG_SID0014,SID,development,2
4212,SID,EG_SID0015,SID:EG_SID0015,SID,development,0
4213,SID,EG_SID0016,SID:EG_SID0016,SID,development,0
4214,SID,EG_SID0017,SID:EG_SID0017,SID,development,1
4215,SID,EG_SID0018,SID:EG_SID0018,SID,development,1
4216,SID,EG_SID0019,SID:EG_SID0019,SID,development,2
4217,SID,EG_SID0020,SID:EG_SID0020,SID,test,-1
4218,SID,EG_SID0021,SID:EG_SID0021,SID,development,0
4219,SID,EG_SID0022,SID:EG_SID0022,SID,development,0
4220,SID,EG_SID0023,SID:EG_SID0023,SID,development,0
4221,SID,EG_SID0024,SID:EG_SID0024,SID,development,0
4222,SID,EG_SID0025,SID:EG_SID0025,SID,development,2
4223,SID,EG_SID0026,SID:EG_SID0026,SID,development,0
4224,SID,EG_SID0027,SID:EG_SID0027,SID,development,2
4225,SID,EG_SID0028,SID:EG_SID0028,SID,development,0
4226,SID,EG_SID0029,SID:EG_SID0029,SID,development,1
4227,SID,EG_SID0030,SID:EG_SID0030,SID,development,1
4228,SID,EG_SID0031,SID:EG_SID0031,SID,development,1
4229,SID,EG_SID0032,SID:EG_SID0032,SID,development,1
4230,SID,EG_SID0033,SID:EG_SID0033,SID,development,1
4231,SID,EG_SID0034,SID:EG_SID0034,SID,development,2
4232,SID,EG_SID0035,SID:EG_SID0035,SID,development,0
4233,SID,EG_SID0036,SID:EG_SID0036,SID,development,2
4234,SID,EG_SID0037,SID:EG_SID0037,SID,test,-1
4235,SID,EG_SID0038,SID:EG_SID0038,SID,development,1
4236,SID,EG_SID0039,SID:EG_SID0039,SID,development,1
4237,SID,EG_SID0040,SID:EG_SID0040,SID,development,2
4238,SID,EG_SID0041,SID:EG_SID0041,SID,development,0
4239,SID,EG_SID0042,SID:EG_SID0042,SID,test,-1
4240,SID,EG_SID0043,SID:EG_SID0043,SID,development,1
4241,SID,EG_SID0044,SID:EG_SID0044,SID,development,2
4242,SID,EG_SID0045,SID:EG_SID0045,SID,development,0
4243,SID,EG_SID0046,SID:EG_SID0046,SID,development,2
4244,SID,EG_SID0047,SID:EG_SID0047,SID,development,0
4245,SID,EG_SID0048,SID:EG_SID0048,SID,development,1
4246,SID,EG_SID0049,SID:EG_SID0049,SID,development,0
4247,SID,EG_SID0050,SID:EG_SID0050,SID,development,0
4248,SID,EG_SID0051,SID:EG_SID0051,SID,development,2
4249,SID,EG_SID0052,SID:EG_SID0052,SID,development,1
4250,SID,EG_SID0053,SID:EG_SID0053,SID,development,0
4251,SID,EG_SID0054,SID:EG_SID0054,SID,development,1
4252,SID,EG_SID0055,SID:EG_SID0055,SID,development,2
4253,SID,EG_SID0056,SID:EG_SID0056,SID,development,1
4254,SID,EG_SID0057,SID:EG_SID0057,SID,test,-1
4255,SID,EG_SID0058,SID:EG_SID0058,SID,development,1
4256,SID,EG_SID0059,SID:EG_SID0059,SID,development,0
4257,SID,EG_SID0060,SID:EG_SID0060,SID,development,2
4380,TED,PK_TED0001,TED:PK_TED0001,TED,development,1
4381,TED,PK_TED0002,TED:PK_TED0002,TED,development,1
4383,TED,PK_TED0004,TED:PK_TED0004,TED,development,2
4384,TED,PK_TED0005,TED:PK_TED0005,TED,test,-1
4385,TED,PK_TED0006,TED:PK_TED0006,TED,development,0
4386,TED,PK_TED0007,TED:PK_TED0007,TED,development,2
4387,TED,PK_TED0008,TED:PK_TED0008,TED,development,2
4388,TED,PK_TED0009,TED:PK_TED0009,TED,development,1
4389,TED,PK_TED0010,TED:PK_TED0010,TED,development,1
4390,TED,PK_TED0011,TED:PK_TED0011,TED,development,2
4391,TED,PK_TED0012,TED:PK_TED0012,TED,development,2
4392,TED,PK_TED0013,TED:PK_TED0013,TED,development,1
4393,TED,PK_TED0014,TED:PK_TED0014,TED,development,1
4394,TED,PK_TED0015,TED:PK_TED0015,TED,development,2
4395,TED,PK_TED0016,TED:PK_TED0016,TED,development,2
4396,TED,PK_TED0017,TED:PK_TED0017,TED,development,2
4397,TED,PK_TED0018,TED:PK_TED0018,TED,development,0
4398,TED,PK_TED0019,TED:PK_TED0019,TED,test,-1
4399,TED,PK_TED0020,TED:PK_TED0020,TED,development,2
4400,TED,PK_TED0021,TED:PK_TED0021,TED,development,1
4401,TED,PK_TED0022,TED:PK_TED0022,TED,development,0
4402,TED,PK_TED0023,TED:PK_TED0023,TED,development,0
4403,TED,PK_TED0024,TED:PK_TED0024,TED,test,-1
4405,TED,PK_TED0026,TED:PK_TED0026,TED,development,0
4406,TED,PK_TED0027,TED:PK_TED0027,TED,development,2
4407,TED,PK_TED0028,TED:PK_TED0028,TED,development,2
4408,TED,PK_TED0029,TED:PK_TED0029,TED,development,2
4409,TED,PK_TED0030,TED:PK_TED0030,TED,development,2
4410,TED,PK_TED0031,TED:PK_TED0031,TED,development,0
4411,TED,PK_TED0032,TED:PK_TED0032,TED,development,0
4412,TED,PK_TED0033,TED:PK_TED0033,TED,test,-1
4413,TED,PK_TED0034,TED:PK_TED0034,TED,development,1
4414,TED,PK_TED0035,TED:PK_TED0035,TED,test,-1
4415,TED,PK_TED0036,TED:PK_TED0036,TED,test,-1
4416,TED,PK_TED0037,TED:PK_TED0037,TED,development,0
4417,TED,PK_TED0038,TED:PK_TED0038,TED,development,1
4418,TED,PK_TED0039,TED:PK_TED0039,TED,development,0
4419,TED,PK_TED0040,TED:PK_TED0040,TED,development,1
4420,TED,PK_TED0041,TED:PK_TED0041,TED,development,1
4421,TED,PK_TED0042,TED:PK_TED0042,TED,development,0
4422,TED,PK_TED0043,TED:PK_TED0043,TED,development,0
4423,TED,PK_TED0044,TED:PK_TED0044,TED,development,1
4424,TED,PK_TED0045,TED:PK_TED0045,TED,test,-1
4425,TED,PK_TED0046,TED:PK_TED0046,TED,development,1
4426,TED,PK_TED0047,TED:PK_TED0047,TED,development,0
4427,TED,PK_TED0048,TED:PK_TED0048,TED,development,2
4428,TED,PK_TED0049,TED:PK_TED0049,TED,development,0
4429,TED,PK_TED0050,TED:PK_TED0050,TED,development,1
4430,TED,PK_TED0051,TED:PK_TED0051,TED,development,0
4552,WAD,CM_WAD0024,WAD:CM_WAD0024,WAD,development,0
4553,WAD,CM_WAD0025,WAD:CM_WAD0025,WAD,test,-1
4554,WAD,CM_WAD0026,WAD:CM_WAD0026,WAD,development,0
4555,WAD,CM_WAD0027,WAD:CM_WAD0027,WAD,test,-1
4556,WAD,CM_WAD0028,WAD:CM_WAD0028,WAD,development,2
4557,WAD,CM_WAD0029,WAD:CM_WAD0029,WAD,development,2
4558,WAD,CM_WAD0030,WAD:CM_WAD0030,WAD,development,0
4559,WAD,CM_WAD0031,WAD:CM_WAD0031,WAD,development,1
4560,WAD,CM_WAD0032,WAD:CM_WAD0032,WAD,development,0
4561,WAD,CM_WAD0033,WAD:CM_WAD0033,WAD,development,1
4562,WAD,CM_WAD0034,WAD:CM_WAD0034,WAD,development,2
4563,WAD,CM_WAD0035,WAD:CM_WAD0035,WAD,development,2
4564,WAD,CM_WAD0036,WAD:CM_WAD0036,WAD,development,1
4565,WAD,CM_WAD0037,WAD:CM_WAD0037,WAD,development,0
4566,WAD,CM_WAD0038,WAD:CM_WAD0038,WAD,test,-1
4567,WAD,CM_WAD0039,WAD:CM_WAD0039,WAD,development,2
4568,WAD,CM_WAD0040,WAD:CM_WAD0040,WAD,development,2
4569,WAD,CM_WAD0041,WAD:CM_WAD0041,WAD,development,2
4570,WAD,CM_WAD0042,WAD:CM_WAD0042,WAD,development,1
4571,WAD,CM_WAD0043,WAD:CM_WAD0043,WAD,test,-1
4572,WAD,CM_WAD0044,WAD:CM_WAD0044,WAD,development,1
4573,WAD,CM_WAD0045,WAD:CM_WAD0045,WAD,development,2
4574,WAD,CM_WAD0046,WAD:CM_WAD0046,WAD,development,1
4575,WAD,CM_WAD0047,WAD:CM_WAD0047,WAD,development,1
4576,WAD,CM_WAD0048,WAD:CM_WAD0048,WAD,development,0
4577,WAD,CM_WAD0049,WAD:CM_WAD0049,WAD,development,0
4578,WAD,CM_WAD0050,WAD:CM_WAD0050,WAD,test,-1
4579,WAD,CM_WAD0051,WAD:CM_WAD0051,WAD,development,0
4580,WAD,CM_WAD0052,WAD:CM_WAD0052,WAD,development,0
4581,WAD,CM_WAD0053,WAD:CM_WAD0053,WAD,development,0
4582,WAD,CM_WAD0054,WAD:CM_WAD0054,WAD,development,0
4583,WAD,CM_WAD0055,WAD:CM_WAD0055,WAD,development,1
4584,WAD,CM_WAD0056,WAD:CM_WAD0056,WAD,development,0
4585,WAD,CM_WAD0057,WAD:CM_WAD0057,WAD,test,-1
4586,WAD,NG_WAD0001,WAD:NG_WAD0001,WAD,development,2
4587,WAD,NG_WAD0002,WAD:NG_WAD0002,WAD,development,2
4588,WAD,NG_WAD0003,WAD:NG_WAD0003,WAD,development,1
4589,WAD,NG_WAD0004,WAD:NG_WAD0004,WAD,development,1
4590,WAD,NG_WAD0005,WAD:NG_WAD0005,WAD,development,2
4591,WAD,NG_WAD0006,WAD:NG_WAD0006,WAD,development,1
4592,WAD,NG_WAD0007,WAD:NG_WAD0007,WAD,development,2
4593,WAD,NG_WAD0008,WAD:NG_WAD0008,WAD,development,1
4594,WAD,NG_WAD0009,WAD:NG_WAD0009,WAD,development,0
4595,WAD,NG_WAD0010,WAD:NG_WAD0010,WAD,development,0
4596,WAD,NG_WAD0011,WAD:NG_WAD0011,WAD,development,1
4597,WAD,NG_WAD0012,WAD:NG_WAD0012,WAD,development,2
4598,WAD,NG_WAD0013,WAD:NG_WAD0013,WAD,development,0
4599,WAD,NG_WAD0014,WAD:NG_WAD0014,WAD,development,2
4600,WAD,NG_WAD0015,WAD:NG_WAD0015,WAD,test,-1
4601,WAD,NG_WAD0016,WAD:NG_WAD0016,WAD,development,2
4602,WAD,NG_WAD0017,WAD:NG_WAD0017,WAD,development,0
4603,WAD,NG_WAD0018,WAD:NG_WAD0018,WAD,development,1
4604,WAD,NG_WAD0019,WAD:NG_WAD0019,WAD,test,-1
4605,WAD,NG_WAD0022,WAD:NG_WAD0022,WAD,development,2
4606,WAD,NG_WAD0023,WAD:NG_WAD0023,WAD,development,1
4607,WYG,ET_WYG0001,WYG:ET_WYG0001,WYG,development,2
4608,WYG,ET_WYG0002,WYG:ET_WYG0002,WYG,test,-1
4609,WYG,ET_WYG0003,WYG:ET_WYG0003,WYG,development,1
4610,WYG,ET_WYG0004,WYG:ET_WYG0004,WYG,test,-1
4611,WYG,ET_WYG0005,WYG:ET_WYG0005,WYG,test,-1
4612,WYG,ET_WYG0006,WYG:ET_WYG0006,WYG,development,1
4613,WYG,ET_WYG0007,WYG:ET_WYG0007,WYG,development,0
4614,WYG,ET_WYG0008,WYG:ET_WYG0008,WYG,development,2
4615,WYG,ET_WYG0009,WYG:ET_WYG0009,WYG,development,1
4616,WYG,ET_WYG0010,WYG:ET_WYG0010,WYG,development,2
4617,WYG,ET_WYG0011,WYG:ET_WYG0011,WYG,development,2
4618,WYG,ET_WYG0012,WYG:ET_WYG0012,WYG,development,2
4619,WYG,ET_WYG0013,WYG:ET_WYG0013,WYG,development,2
4620,WYG,ET_WYG0014,WYG:ET_WYG0014,WYG,development,0
4621,WYG,ET_WYG0015,WYG:ET_WYG0015,WYG,development,0
4622,WYG,ET_WYG0016,WYG:ET_WYG0016,WYG,development,1
4623,WYG,ET_WYG0017,WYG:ET_WYG0017,WYG,development,0
4624,WYG,ET_WYG0018,WYG:ET_WYG0018,WYG,development,0
4625,WYG,ET_WYG0019,WYG:ET_WYG0019,WYG,development,1
4626,WYG,ET_WYG0020,WYG:ET_WYG0020,WYG,development,1
4627,WYG,ET_WYG0021,WYG:ET_WYG0021,WYG,development,2
4628,WYG,ET_WYG0022,WYG:ET_WYG0022,WYG,development,0
4629,WYG,ET_WYG0023,WYG:ET_WYG0023,WYG,development,2
4630,WYG,ET_WYG0024,WYG:ET_WYG0024,WYG,development,0
4631,WYG,ET_WYG0025,WYG:ET_WYG0025,WYG,development,2
4632,WYG,ET_WYG0026,WYG:ET_WYG0026,WYG,development,1
4633,WYG,ET_WYG0027,WYG:ET_WYG0027,WYG,test,-1
4634,WYG,ET_WYG0028,WYG:ET_WYG0028,WYG,development,0
4635,WYG,ET_WYG0029,WYG:ET_WYG0029,WYG,development,0
4636,WYG,ET_WYG0030,WYG:ET_WYG0030,WYG,test,-1
4637,WYG,ET_WYG0031,WYG:ET_WYG0031,WYG,development,1
4638,WYG,ET_WYG0032,WYG:ET_WYG0032,WYG,development,0
4639,WYG,ET_WYG0033,WYG:ET_WYG0033,WYG,development,2
4640,WYG,ET_WYG0034,WYG:ET_WYG0034,WYG,development,2
4641,WYG,ET_WYG0035,WYG:ET_WYG0035,WYG,development,0
4642,WYG,ET_WYG0036,WYG:ET_WYG0036,WYG,development,1
4643,WYG,ET_WYG0037,WYG:ET_WYG0037,WYG,development,1
4644,WYG,ET_WYG0038,WYG:ET_WYG0038,WYG,test,-1
4645,WYG,ET_WYG0039,WYG:ET_WYG0039,WYG,development,2
4646,WYG,ET_WYG0040,WYG:ET_WYG0040,WYG,development,2
4647,WYG,ET_WYG0041,WYG:ET_WYG0041,WYG,development,0
4648,WYG,ET_WYG0042,WYG:ET_WYG0042,WYG,development,1
4649,WYG,ET_WYG0043,WYG:ET_WYG0043,WYG,development,1
4650,WYG,ET_WYG0044,WYG:ET_WYG0044,WYG,development,0
4651,WYG,ET_WYG0045,WYG:ET_WYG0045,WYG,development,1
4652,WYG,ET_WYG0046,WYG:ET_WYG0046,WYG,test,-1
